    1.000000     0.000000     0.000000     0.000000     0.000000     0.000000     0.000000     0.000000     0.000000     0.000000     0.000000     0.000000     0.000000     0.000000     0.000000     0.000000     0.000000     0.000000     0.000000     0.000000     0.000000     0.000000     0.000000     0.000000     0.000000     0.000000     0.000000     0.000000     0.000000     0.000000     0.000000     0.000000     0.000000     0.000000     0.000000     0.000000 
    0.998811     0.000506     0.000000     0.000000     0.000000     0.000000     0.000681     0.000001     0.000000     0.000000     0.000000     0.000000     0.000001     0.000000     0.000000     0.000000     0.000000     0.000000     0.000000     0.000000     0.000000     0.000000     0.000000     0.000000     0.000000     0.000000     0.000000     0.000000     0.000000     0.000000     0.000000     0.000000     0.000000     0.000000     0.000000     0.000000 
    0.995256     0.002009     0.000000     0.000000     0.000000     0.000000     0.002702     0.000013     0.000000     0.000000     0.000000     0.000000     0.000018     0.000001     0.000000     0.000000     0.000000     0.000000     0.000000     0.000000     0.000000     0.000000     0.000000     0.000000     0.000000     0.000000     0.000000     0.000000     0.000000     0.000000     0.000000     0.000000     0.000000     0.000000     0.000000     0.000000 
    0.989378     0.004464     0.000000     0.000000     0.000000     0.000000     0.006000     0.000063     0.000000     0.000000     0.000000     0.000000     0.000090     0.000006     0.000000     0.000000     0.000000     0.000000     0.000000     0.000000     0.000000     0.000000     0.000000     0.000000     0.000000     0.000000     0.000000     0.000000     0.000000     0.000000     0.000000     0.000000     0.000000     0.000000     0.000000     0.000000 
    0.981240     0.007798     0.000000     0.000000     0.000000     0.000000     0.010472     0.000189     0.000000     0.000000     0.000000     0.000000     0.000268     0.000033     0.000000     0.000000     0.000000     0.000000     0.000000     0.000000     0.000000     0.000000     0.000000     0.000000     0.000000     0.000000     0.000000     0.000000     0.000000     0.000000     0.000000     0.000000     0.000000     0.000000     0.000000     0.000000 
    0.970932     0.011918     0.000000     0.000000     0.000000     0.000000     0.015989     0.000429     0.000001     0.000000     0.000000     0.000000     0.000609     0.000118     0.000000     0.000000     0.000000     0.000000     0.000001     0.000001     0.000000     0.000000     0.000000     0.000000     0.000000     0.000000     0.000000     0.000000     0.000000     0.000000     0.000000     0.000000     0.000000     0.000000     0.000000     0.000000 
    0.958561     0.016720     0.000000     0.000000     0.000000     0.000000     0.022403     0.000815     0.000004     0.000000     0.000000     0.000000     0.001158     0.000334     0.000000     0.000000     0.000000     0.000000     0.000002     0.000004     0.000000     0.000000     0.000000     0.000000     0.000000     0.000000     0.000000     0.000000     0.000000     0.000000     0.000000     0.000000     0.000000     0.000000     0.000000     0.000000 
    0.944249     0.022090     0.000001     0.000000     0.000000     0.000000     0.029556     0.001358     0.000008     0.000000     0.000000     0.000000     0.001933     0.000787     0.000000     0.000000     0.000000     0.000000     0.000005     0.000011     0.000000     0.000000     0.000000     0.000000     0.000000     0.000000     0.000000     0.000000     0.000000     0.000000     0.000000     0.000000     0.000000     0.000000     0.000000     0.000000 
    0.928129     0.027918     0.000002     0.000000     0.000000     0.000000     0.037295     0.002050     0.000017     0.000000     0.000000     0.000000     0.002923     0.001622     0.000000     0.000000     0.000000     0.000000     0.000011     0.000031     0.000000     0.000000     0.000000     0.000000     0.000001     0.000001     0.000000     0.000000     0.000000     0.000000     0.000000     0.000000     0.000000     0.000000     0.000000     0.000000 
    0.910342     0.034105     0.000004     0.000000     0.000000     0.000000     0.045478     0.002854     0.000030     0.000000     0.000000     0.000000     0.004077     0.003010     0.000000     0.000000     0.000000     0.000000     0.000019     0.000075     0.000001     0.000000     0.000000     0.000000     0.000003     0.000002     0.000000     0.000000     0.000000     0.000000     0.000000     0.000000     0.000000     0.000000     0.000000     0.000000 
    0.891029     0.040565     0.000008     0.000000     0.000000     0.000000     0.053987     0.003711     0.000048     0.000000     0.000000     0.000000     0.005315     0.005130     0.000000     0.000000     0.000000     0.000000     0.000032     0.000160     0.000001     0.000000     0.000000     0.000000     0.000006     0.000006     0.000000     0.000000     0.000000     0.000000     0.000000     0.000000     0.000000     0.000000     0.000000     0.000000 
    0.870330     0.047231     0.000015     0.000001     0.000000     0.000000     0.062730     0.004550     0.000073     0.000000     0.000000     0.000000     0.006535     0.008143     0.000000     0.000000     0.000000     0.000000     0.000048     0.000314     0.000003     0.000000     0.000000     0.000000     0.000011     0.000014     0.000000     0.000000     0.000000     0.000000     0.000000     0.000001     0.000000     0.000000     0.000000     0.000000 
    0.848378     0.054060     0.000026     0.000002     0.000000     0.000000     0.071644     0.005292     0.000104     0.000000     0.000000     0.000000     0.007625     0.012168     0.000000     0.000000     0.000000     0.000000     0.000067     0.000573     0.000007     0.000000     0.000000     0.000000     0.000020     0.000031     0.000000     0.000000     0.000000     0.000000     0.000000     0.000003     0.000000     0.000000     0.000000     0.000000 
    0.825301     0.061029     0.000043     0.000004     0.000000     0.000000     0.080701     0.005864     0.000139     0.000000     0.000000     0.000000     0.008483     0.017252     0.000000     0.000000     0.000000     0.000000     0.000088     0.000980     0.000013     0.000000     0.000000     0.000000     0.000033     0.000061     0.000001     0.000000     0.000000     0.000000     0.000000     0.000008     0.000001     0.000000     0.000000     0.000000 
    0.801215     0.068138     0.000067     0.000006     0.000000     0.000000     0.089900     0.006213     0.000176     0.000001     0.000000     0.000000     0.009028     0.023351     0.000000     0.000000     0.000000     0.000000     0.000110     0.001586     0.000024     0.000000     0.000000     0.000000     0.000050     0.000114     0.000001     0.000000     0.000000     0.000000     0.000000     0.000018     0.000002     0.000000     0.000000     0.000000 
    0.776225     0.075405     0.000098     0.000011     0.000000     0.000000     0.099266     0.006309     0.000212     0.000002     0.000000     0.000000     0.009216     0.030324     0.000001     0.000000     0.000000     0.000000     0.000130     0.002443     0.000041     0.000000     0.000000     0.000000     0.000073     0.000200     0.000002     0.000000     0.000000     0.000000     0.000001     0.000036     0.000005     0.000000     0.000000     0.000000 
    0.750427     0.082863     0.000137     0.000018     0.000000     0.000000     0.108847     0.006150     0.000243     0.000004     0.000000     0.000000     0.009040     0.037933     0.000003     0.000000     0.000000     0.000000     0.000146     0.003604     0.000066     0.000000     0.000000     0.000000     0.000100     0.000333     0.000004     0.000001     0.000000     0.000000     0.000001     0.000070     0.000011     0.000000     0.000000     0.000000 
    0.723906     0.090554     0.000184     0.000027     0.000000     0.000000     0.118701     0.005763     0.000267     0.000007     0.000000     0.000000     0.008534     0.045862     0.000007     0.000001     0.000000     0.000000     0.000156     0.005111     0.000102     0.000000     0.000000     0.000000     0.000132     0.000529     0.000005     0.000001     0.000000     0.000000     0.000001     0.000127     0.000022     0.000000     0.000000     0.000000 
    0.696738     0.098526     0.000236     0.000040     0.000000     0.000000     0.128896     0.005197     0.000280     0.000012     0.000000     0.000000     0.007765     0.053742     0.000015     0.000002     0.000000     0.000000     0.000158     0.006998     0.000152     0.000000     0.000000     0.000000     0.000166     0.000803     0.000007     0.000001     0.000000     0.000000     0.000002     0.000219     0.000042     0.000000     0.000000     0.000000 
    0.668993     0.106824     0.000292     0.000056     0.000000     0.000000     0.139497     0.004517     0.000281     0.000019     0.000000     0.000000     0.006820     0.061192     0.000030     0.000005     0.000000     0.000000     0.000153     0.009276     0.000217     0.000001     0.000000     0.000000     0.000200     0.001171     0.000010     0.000002     0.000000     0.000000     0.000003     0.000363     0.000078     0.000001     0.000000     0.000000 
    0.640737     0.115487     0.000349     0.000075     0.000000     0.000000     0.150559     0.003791     0.000271     0.000030     0.000000     0.000000     0.005794     0.067853     0.000053     0.000010     0.000000     0.000000     0.000139     0.011940     0.000300     0.000003     0.000000     0.000000     0.000230     0.001647     0.000011     0.000002     0.000000     0.000000     0.000004     0.000576     0.000136     0.000001     0.000000     0.000000 
    0.612035     0.124543     0.000403     0.000097     0.000000     0.000000     0.162123     0.003081     0.000249     0.000045     0.000000     0.000000     0.004778     0.073426     0.000087     0.000020     0.000000     0.000000     0.000120     0.014958     0.000403     0.000007     0.000000     0.000000     0.000254     0.002237     0.000012     0.000002     0.000000     0.000000     0.000006     0.000880     0.000230     0.000001     0.000000     0.000000 
    0.582953     0.134000     0.000450     0.000120     0.000000     0.000000     0.174205     0.002438     0.000219     0.000065     0.000001     0.000000     0.003845     0.077705     0.000137     0.000037     0.000000     0.000000     0.000097     0.018280     0.000527     0.000014     0.000000     0.000000     0.000269     0.002944     0.000011     0.000002     0.000000     0.000000     0.000008     0.001298     0.000372     0.000002     0.000000     0.000000 
    0.553562     0.143846     0.000487     0.000144     0.000000     0.000000     0.186793     0.001896     0.000184     0.000089     0.000001     0.000000     0.003047     0.080586     0.000206     0.000062     0.000000     0.000000     0.000073     0.021836     0.000673     0.000027     0.000000     0.000000     0.000273     0.003759     0.000008     0.000001     0.000000     0.000000     0.000010     0.001852     0.000581     0.000002     0.000000     0.000000 
    0.523938     0.154044     0.000513     0.000166     0.000000     0.000000     0.199841     0.001470     0.000147     0.000120     0.000002     0.000000     0.002408     0.082081     0.000296     0.000099     0.000000     0.000000     0.000051     0.025542     0.000842     0.000046     0.000001     0.000000     0.000263     0.004668     0.000004     0.000000     0.000000     0.000000     0.000012     0.002563     0.000878     0.000002     0.000000     0.000000 
    0.494167     0.164530     0.000524     0.000185     0.000000     0.000000     0.213267     0.001161     0.000112     0.000156     0.000003     0.000000     0.001936     0.082305     0.000411     0.000151     0.000000     0.000000     0.000032     0.029310     0.001035     0.000076     0.000001     0.000000     0.000241     0.005645     0.000001     0.000000     0.000001     0.000000     0.000015     0.003444     0.001287     0.000002     0.000000     0.000000 
    0.464342     0.175213     0.000522     0.000199     0.000000     0.000000     0.226953     0.000960     0.000081     0.000197     0.000004     0.000000     0.001621     0.081460     0.000554     0.000222     0.000000     0.000000     0.000018     0.033053     0.001253     0.000119     0.000002     0.000000     0.000209     0.006659     0.000001     0.000005     0.000001     0.000000     0.000018     0.004503     0.001830     0.000001     0.000000     0.000000 
    0.434566     0.185976     0.000508     0.000206     0.000001     0.000000     0.240746     0.000857     0.000056     0.000240     0.000005     0.000000     0.001452     0.079809     0.000725     0.000315     0.000001     0.000000     0.000008     0.036690     0.001496     0.000178     0.000003     0.000000     0.000169     0.007674     0.000009     0.000017     0.000002     0.000000     0.000021     0.005737     0.002533     0.000000     0.000000     0.000000 
    0.404952     0.196679     0.000484     0.000206     0.000001     0.000000     0.254463     0.000844     0.000037     0.000286     0.000007     0.000000     0.001417     0.077649     0.000926     0.000432     0.000001     0.000000     0.000003     0.040159     0.001766     0.000256     0.000005     0.000000     0.000126     0.008650     0.000033     0.000043     0.000002     0.000000     0.000023     0.007131     0.003417     0.000000     0.000000     0.000000 
    0.375621     0.207165     0.000454     0.000198     0.000002     0.000000     0.267895     0.000922     0.000024     0.000330     0.000009     0.000000     0.001517     0.075281     0.001157     0.000576     0.000001     0.000000     0.000001     0.043417     0.002066     0.000355     0.000009     0.000000     0.000085     0.009554     0.000079     0.000093     0.000003     0.000000     0.000025     0.008659     0.004499     0.000003     0.000000     0.000000 
    0.346699     0.217267     0.000420     0.000184     0.000002     0.000000     0.280823     0.001101     0.000017     0.000370     0.000011     0.000000     0.001761     0.072992     0.001419     0.000751     0.000001     0.000001     0.000000     0.046442     0.002399     0.000475     0.000013     0.000000     0.000048     0.010353     0.000156     0.000178     0.000004     0.000000     0.000027     0.010282     0.005790     0.000012     0.000000     0.000000 
    0.318316     0.226814     0.000386     0.000164     0.000003     0.000000     0.293019     0.001397     0.000013     0.000404     0.000014     0.000000     0.002169     0.071039     0.001710     0.000958     0.000001     0.000001     0.000001     0.049237     0.002769     0.000617     0.000020     0.000000     0.000021     0.011026     0.000274     0.000312     0.000005     0.000000     0.000029     0.011953     0.007293     0.000033     0.000002     0.000000 
    0.290605     0.235642     0.000355     0.000140     0.000005     0.000000     0.304269     0.001829     0.000012     0.000428     0.000017     0.000000     0.002761     0.069636     0.002031     0.001201     0.000001     0.000001     0.000002     0.051828     0.003180     0.000778     0.000029     0.000000     0.000005     0.011561     0.000441     0.000507     0.000006     0.000000     0.000029     0.013617     0.009003     0.000075     0.000007     0.000000 
    0.263694     0.243601     0.000330     0.000116     0.000006     0.000000     0.314375     0.002412     0.000015     0.000441     0.000020     0.000000     0.003553     0.068956     0.002379     0.001481     0.000001     0.000001     0.000006     0.054256     0.003637     0.000957     0.000041     0.000000     0.000000     0.011959     0.000661     0.000778     0.000006     0.000000     0.000030     0.015218     0.010903     0.000151     0.000017     0.000000 
    0.237709     0.250565     0.000313     0.000092     0.000008     0.000000     0.323170     0.003149     0.000021     0.000441     0.000023     0.000000     0.004545     0.069129     0.002756     0.001802     0.000001     0.000002     0.000016     0.056580     0.004146     0.001149     0.000057     0.000000     0.000005     0.012232     0.000938     0.001136     0.000005     0.000000     0.000029     0.016701     0.012968     0.000275     0.000037     0.000000 
    0.212767     0.256436     0.000306     0.000070     0.000011     0.000000     0.330531     0.004027     0.000033     0.000428     0.000026     0.000001     0.005715     0.070246     0.003158     0.002167     0.000001     0.000002     0.000037     0.058867     0.004712     0.001351     0.000078     0.000000     0.000016     0.012399     0.001272     0.001588     0.000003     0.000000     0.000029     0.018018     0.015168     0.000465     0.000072     0.000000 
    0.188973     0.261154     0.000311     0.000053     0.000014     0.000000     0.336378     0.005012     0.000053     0.000402     0.000029     0.000001     0.007015     0.072358     0.003586     0.002580     0.000000     0.000002     0.000074     0.061188     0.005340     0.001561     0.000106     0.000000     0.000030     0.012493     0.001656     0.002137     0.000001     0.000000     0.000028     0.019132     0.017461     0.000742     0.000129     0.000000 
    0.166422     0.264693     0.000328     0.000039     0.000017     0.000000     0.340685     0.006052     0.000084     0.000365     0.000032     0.000001     0.008370     0.075476     0.004038     0.003046     0.000000     0.000002     0.000134     0.063611     0.006035     0.001776     0.000142     0.000000     0.000042     0.012547     0.002083     0.002776     0.000000     0.000000     0.000026     0.020020     0.019807     0.001129     0.000219     0.000000 
    0.145194     0.267069     0.000360     0.000030     0.000021     0.000000     0.343476     0.007078     0.000126     0.000320     0.000035     0.000001     0.009688     0.079569     0.004513     0.003569     0.000000     0.000002     0.000218     0.066200     0.006802     0.001995     0.000190     0.000000     0.000049     0.012601     0.002540     0.003495     0.000003     0.000000     0.000025     0.020673     0.022161     0.001645     0.000351     0.000000 
    0.125353     0.268329     0.000409     0.000026     0.000026     0.000000     0.344823     0.008013     0.000182     0.000269     0.000037     0.000002     0.010865     0.084552     0.005009     0.004154     0.000000     0.000002     0.000331     0.069006     0.007642     0.002221     0.000251     0.000000     0.000050     0.012695     0.003013     0.004273     0.000013     0.000000     0.000023     0.021100     0.024484     0.002309     0.000538     0.000000 
    0.106949     0.268555     0.000478     0.000025     0.000031     0.000000     0.344841     0.008783     0.000250     0.000217     0.000039     0.000002     0.011802     0.090286     0.005526     0.004805     0.000001     0.000001     0.000470     0.072066     0.008558     0.002457     0.000331     0.000000     0.000043     0.012866     0.003486     0.005087     0.000039     0.000000     0.000022     0.021321     0.026740     0.003136     0.000791     0.000000 
    0.090016     0.267854     0.000566     0.000030     0.000037     0.000001     0.343677     0.009323     0.000327     0.000167     0.000040     0.000002     0.012414     0.096572     0.006062     0.005523     0.000002     0.000001     0.000631     0.075398     0.009548     0.002709     0.000436     0.000000     0.000030     0.013151     0.003944     0.005908     0.000089     0.000000     0.000020     0.021374     0.028899     0.004133     0.001120     0.000000 
    0.074575     0.266349     0.000675     0.000040     0.000043     0.000001     0.341504     0.009587     0.000409     0.000122     0.000042     0.000003     0.012646     0.103152     0.006615     0.006309     0.000005     0.000000     0.000806     0.078997     0.010610     0.002984     0.000573     0.000000     0.000015     0.013584     0.004371     0.006707     0.000175     0.000000     0.000019     0.021301     0.030945     0.005300     0.001534     0.000000 
    0.060635     0.264174     0.000804     0.000060     0.000050     0.000001     0.338505     0.009557     0.000492     0.000083     0.000043     0.000003     0.012477     0.109720     0.007186     0.007161     0.000010     0.000000     0.000985     0.082837     0.011738     0.003293     0.000753     0.000000     0.000004     0.014194     0.004758     0.007457     0.000313     0.000001     0.000019     0.021152     0.032868     0.006629     0.002038     0.000000 
    0.048192     0.261466     0.000950     0.000094     0.000057     0.000001     0.334867     0.009240     0.000570     0.000053     0.000045     0.000003     0.011925     0.115933     0.007772     0.008073     0.000018     0.000001     0.001156     0.086861     0.012925     0.003647     0.000988     0.000000     0.000000     0.015007     0.005097     0.008133     0.000519     0.000002     0.000019     0.020980     0.034671     0.008104     0.002631     0.000000 
    0.037235     0.258355     0.001107     0.000148     0.000066     0.000002     0.330768     0.008669     0.000636     0.000032     0.000048     0.000002     0.011040     0.121438     0.008375     0.009036     0.000030     0.000003     0.001305     0.090993     0.014159     0.004058     0.001293     0.000000     0.000010     0.016042     0.005383     0.008720     0.000811     0.000003     0.000019     0.020837     0.036367     0.009701     0.003307     0.000000 
    0.027746     0.254958     0.001268     0.000229     0.000075     0.000002     0.326365     0.007900     0.000688     0.000017     0.000051     0.000002     0.009904     0.125900     0.008996     0.010039     0.000046     0.000008     0.001421     0.095129     0.015428     0.004539     0.001690     0.000000     0.000037     0.017311     0.005618     0.009208     0.001205     0.000006     0.000020     0.020769     0.037978     0.011394     0.004053     0.000000 
    0.019700     0.251376     0.001423     0.000343     0.000085     0.000002     0.321795     0.007001     0.000721     0.000009     0.000057     0.000001     0.008613     0.129028     0.009636     0.011066     0.000069     0.000016     0.001496     0.099147     0.016714     0.005102     0.002200     0.000001     0.000081     0.018816     0.005806     0.009594     0.001715     0.000010     0.000022     0.020818     0.039534     0.013151     0.004853     0.000000 
    0.013072     0.247686     0.001562     0.000496     0.000096     0.000003     0.317161     0.006042     0.000734     0.000005     0.000064     0.000001     0.007267     0.130602     0.010296     0.012099     0.000100     0.000030     0.001522     0.102912     0.017998     0.005758     0.002853     0.000002     0.000142     0.020547     0.005957     0.009883     0.002351     0.000016     0.000024     0.021022     0.041070     0.014943     0.005684     0.000000 
    0.007832     0.243943     0.001674     0.000691     0.000109     0.000004     0.312534     0.005091     0.000731     0.000003     0.000074     0.000000     0.005958     0.130499     0.010980     0.013120     0.000140     0.000052     0.001499     0.106280     0.019261     0.006519     0.003678     0.000004     0.000216     0.022479     0.006081     0.010089     0.003114     0.000024     0.000027     0.021408     0.042623     0.016741     0.006523     0.000000 
    0.003952     0.240176     0.001751     0.000928     0.000124     0.000005     0.307949     0.004204     0.000712     0.000003     0.000089     0.000000     0.004761     0.128699     0.011690     0.014108     0.000191     0.000084     0.001431     0.109113     0.020480     0.007388     0.004713     0.000007     0.000297     0.024570     0.006192     0.010227     0.003998     0.000034     0.000031     0.021996     0.044233     0.018523     0.007344     0.000000 
    0.001400     0.236389     0.001785     0.001201     0.000141     0.000006     0.303406     0.003421     0.000684     0.000005     0.000109     0.000001     0.003726     0.125291     0.012428     0.015046     0.000253     0.000130     0.001323     0.111284     0.021634     0.008370     0.005993     0.000012     0.000376     0.026764     0.006306     0.010318     0.004988     0.000047     0.000035     0.022798     0.045934     0.020273     0.008125     0.000000 
    0.000148     0.232563     0.001775     0.001504     0.000162     0.000008     0.298875     0.002765     0.000650     0.000010     0.000136     0.000004     0.002878     0.120459     0.013197     0.015918     0.000329     0.000193     0.001185     0.112689     0.022700     0.009459     0.007558     0.000019     0.000447     0.028984     0.006438     0.010383     0.006057     0.000063     0.000041     0.023813     0.047760     0.021983     0.008847     0.000001 
    0.000166     0.228660     0.001721     0.001822     0.000186     0.000010     0.294297     0.002243     0.000617     0.000020     0.000173     0.000011     0.002221     0.114469     0.013996     0.016714     0.000419     0.000278     0.001030     0.113253     0.023660     0.010646     0.009447     0.000028     0.000501     0.031145     0.006606     0.010444     0.007171     0.000080     0.000048     0.025031     0.049734     0.023653     0.009499     0.000001 
    0.001424     0.224625     0.001627     0.002141     0.000217     0.000013     0.289588     0.001852     0.000589     0.000039     0.000223     0.000022     0.001741     0.107639     0.014823     0.017425     0.000523     0.000388     0.000868     0.112939     0.024499     0.011913     0.011695     0.000041     0.000533     0.033153     0.006827     0.010523     0.008290     0.000100     0.000055     0.026429     0.051869     0.025290     0.010077     0.000001 
    0.003889     0.220395     0.001503     0.002442     0.000254     0.000017     0.284651     0.001580     0.000570     0.000070     0.000288     0.000041     0.001417     0.100309     0.015675     0.018049     0.000641     0.000528     0.000711     0.111749     0.025206     0.013238     0.014336     0.000058     0.000539     0.034913     0.007116     0.010636     0.009368     0.000120     0.000063     0.027967     0.054169     0.026908     0.010584     0.000002 
    0.007528     0.215898     0.001358     0.002709     0.000299     0.000021     0.279377     0.001412     0.000565     0.000116     0.000373     0.000070     0.001223     0.092816     0.016545     0.018590     0.000772     0.000703     0.000567     0.109724     0.025775     0.014589     0.017395     0.000079     0.000520     0.036338     0.007489     0.010800     0.010360     0.000140     0.000071     0.029596     0.056621     0.028525     0.011034     0.000003 
    0.012302     0.211064     0.001203     0.002927     0.000356     0.000028     0.273658     0.001335     0.000578     0.000179     0.000480     0.000112     0.001139     0.085469     0.017425     0.019056     0.000913     0.000917     0.000442     0.106944     0.026209     0.015932     0.020889     0.000104     0.000477     0.037352     0.007961     0.011027     0.011224     0.000160     0.000080     0.031249     0.059197     0.030163     0.011448     0.000004 
    0.018169     0.205829     0.001050     0.003082     0.000425     0.000036     0.267392     0.001339     0.000611     0.000259     0.000613     0.000172     0.001152     0.078527     0.018302     0.019457     0.001062     0.001171     0.000339     0.103519     0.026513     0.017230     0.024826     0.000133     0.000416     0.037904     0.008545     0.011327     0.011926     0.000177     0.000089     0.032853     0.061853     0.031842     0.011851     0.000005 
    0.025082     0.200141     0.000909     0.003168     0.000512     0.000048     0.260492     0.001417     0.000669     0.000354     0.000775     0.000255     0.001256     0.072194     0.019164     0.019810     0.001215     0.001468     0.000259     0.099581     0.026703     0.018443     0.029204     0.000165     0.000343     0.037966     0.009251     0.011706     0.012442     0.000190     0.000097     0.034326     0.064526     0.033583     0.012278     0.000006 
    0.032984     0.193962     0.000787     0.003184     0.000617     0.000062     0.252893     0.001560     0.000755     0.000461     0.000969     0.000367     0.001447     0.066607     0.019993     0.020132     0.001371     0.001809     0.000200     0.095275     0.026796     0.019537     0.034010     0.000201     0.000266     0.037541     0.010084     0.012166     0.012760     0.000199     0.000105     0.035586     0.067142     0.035400     0.012764     0.000008 
    0.041815     0.187277     0.000688     0.003134     0.000747     0.000082     0.244558     0.001762     0.000873     0.000573     0.001195     0.000514     0.001724     0.061849     0.020775     0.020440     0.001523     0.002190     0.000160     0.090750     0.026816     0.020479     0.039220     0.000238     0.000192     0.036657     0.011044     0.012705     0.012881     0.000203     0.000112     0.036554     0.069612     0.037302     0.013348     0.000010 
    0.051505     0.180089     0.000616     0.003026     0.000904     0.000106     0.235478     0.002009     0.001026     0.000685     0.001453     0.000702     0.002079     0.057947     0.021491     0.020754     0.001671     0.002609     0.000135     0.086148     0.026788     0.021243     0.044802     0.000275     0.000127     0.035369     0.012125     0.013318     0.012820     0.000201     0.000119     0.037167     0.071839     0.039291     0.014071     0.000012 
    0.061979     0.172427     0.000573     0.002875     0.001093     0.000139     0.225682     0.002284     0.001214     0.000788     0.001742     0.000939     0.002495     0.054887     0.022127     0.021092     0.001810     0.003059     0.000123     0.081597     0.026739     0.021813     0.050718     0.000310     0.000075     0.033752     0.013310     0.013993     0.012601     0.000193     0.000124     0.037375     0.073724     0.041358     0.014976     0.000014 
    0.073155     0.164342     0.000560     0.002694     0.001318     0.000180     0.215228     0.002561     0.001438     0.000875     0.002056     0.001231     0.002944     0.052616     0.022669     0.021470     0.001938     0.003534     0.000124     0.077206     0.026693     0.022181     0.056924     0.000343     0.000037     0.031892     0.014573     0.014718     0.012258     0.000181     0.000127     0.037154     0.075174     0.043483     0.016105     0.000017 
    0.084946     0.155904     0.000577     0.002501     0.001585     0.000233     0.204206     0.002811     0.001691     0.000940     0.002391     0.001587     0.003390     0.051055     0.023106     0.021903     0.002056     0.004022     0.000135     0.073061     0.026674     0.022349     0.063377     0.000369     0.000013     0.029883     0.015875     0.015474     0.011830     0.000165     0.000130     0.036503     0.076105     0.045635     0.017499     0.000019 
    0.097262     0.147198     0.000629     0.002310     0.001898     0.000299     0.192729     0.003002     0.001966     0.000979     0.002740     0.002013     0.003787     0.050104     0.023428     0.022402     0.002164     0.004514     0.000158     0.069220     0.026702     0.022326     0.070036     0.000389     0.000002     0.027816     0.017168     0.016238     0.011358     0.000145     0.000131     0.035446     0.076454     0.047769     0.019197     0.000022 
    0.110009     0.138322     0.000718     0.002135     0.002260     0.000383     0.180932     0.003105     0.002248     0.000991     0.003094     0.002513     0.004091     0.049637     0.023632     0.022977     0.002263     0.004998     0.000193     0.065720     0.026790     0.022132     0.076862     0.000401     0.000000     0.025773     0.018397     0.016987     0.010880     0.000124     0.000131     0.034030     0.076182     0.049832     0.021233     0.000024 
    0.123094     0.129380     0.000849     0.001987     0.002675     0.000487     0.168959     0.003099     0.002523     0.000975     0.003446     0.003093     0.004261     0.049516     0.023716     0.023635     0.002357     0.005464     0.000241     0.062569     0.026947     0.021792     0.083825     0.000404     0.000003     0.023824     0.019497     0.017695     0.010434     0.000104     0.000131     0.032320     0.075280     0.051759     0.023634     0.000026 
    0.136426     0.120475     0.001025     0.001873     0.003145     0.000615     0.156959     0.002972     0.002771     0.000935     0.003788     0.003757     0.004268     0.049586     0.023680     0.024376     0.002452     0.005901     0.000302     0.059759     0.027173     0.021334     0.090905     0.000397     0.000008     0.022025     0.020407     0.018336     0.010051     0.000084     0.000129     0.030394     0.073768     0.053479     0.026415     0.000029 
    0.149914     0.111708     0.001249     0.001801     0.003672     0.000772     0.145078     0.002728     0.002973     0.000877     0.004112     0.004505     0.004104     0.049680     0.023528     0.025200     0.002553     0.006301     0.000375     0.057259     0.027463     0.020791     0.098087     0.000382     0.000012     0.020415     0.021068     0.018885     0.009756     0.000066     0.000128     0.028335     0.071699     0.054919     0.029574     0.000031 
    0.163476     0.103167     0.001517     0.001776     0.004256     0.000963     0.133449     0.002385     0.003112     0.000806     0.004413     0.005338     0.003775     0.049633     0.023264     0.026101     0.002668     0.006657     0.000456     0.055026     0.027804     0.020194     0.105372     0.000359     0.000013     0.019015     0.021428     0.019322     0.009569     0.000051     0.000126     0.026225     0.069152     0.056007     0.033093     0.000033 
    0.177031     0.094929     0.001823     0.001799     0.004898     0.001194     0.122190     0.001971     0.003174     0.000729     0.004687     0.006255     0.003310     0.049282     0.022895     0.027068     0.002803     0.006967     0.000541     0.053004     0.028178     0.019575     0.112764     0.000329     0.000012     0.017835     0.021455     0.019630     0.009504     0.000039     0.000124     0.024139     0.066229     0.056675     0.036929     0.000035 
    0.190509     0.087056     0.002153     0.001876     0.005595     0.001469     0.111397     0.001525     0.003151     0.000652     0.004934     0.007253     0.002752     0.048486     0.022425     0.028085     0.002969     0.007231     0.000625     0.051128     0.028557     0.018959     0.120280     0.000295     0.000008     0.016871     0.021130     0.019801     0.009569     0.000030     0.000123     0.022140     0.063045     0.056870     0.041015     0.000036 
    0.203844     0.079590     0.002489     0.002007     0.006346     0.001795     0.101144     0.001087     0.003042     0.000580     0.005154     0.008327     0.002152     0.047136     0.021861     0.029132     0.003175     0.007452     0.000702     0.049330     0.028913     0.018370     0.127937     0.000259     0.000003     0.016111     0.020460     0.019831     0.009768     0.000024     0.000121     0.020279     0.059722     0.056551     0.045264     0.000038 
    0.216978     0.072559     0.002809     0.002196     0.007149     0.002180     0.091480     0.000696     0.002853     0.000518     0.005352     0.009474     0.001565     0.045166     0.021208     0.030183     0.003431     0.007636     0.000765     0.047541     0.029214     0.017825     0.135760     0.000221     0.000000     0.015534     0.019469     0.019725     0.010099     0.000021     0.000121     0.018588     0.056381     0.055698     0.049565     0.000039 
    0.229862     0.065974     0.003086     0.002440     0.008000     0.002629     0.082432     0.000381     0.002596     0.000467     0.005534     0.010687     0.001039     0.042560     0.020470     0.031210     0.003746     0.007792     0.000810     0.045696     0.029426     0.017335     0.143770     0.000185     0.000001     0.015114     0.018203     0.019496     0.010552     0.000020     0.000121     0.017086     0.053135     0.054315     0.053792     0.000040 
    0.242450     0.059829     0.003294     0.002737     0.008898     0.003149     0.074005     0.000160     0.002290     0.000430     0.005709     0.011961     0.000608     0.039357     0.019652     0.032180     0.004133     0.007931     0.000832     0.043737     0.029518     0.016904     0.151983     0.000152     0.000006     0.014820     0.016721     0.019162     0.011112     0.000021     0.000122     0.015777     0.050082     0.052424     0.057813     0.000041 
    0.254705     0.054109     0.003413     0.003080     0.009839     0.003750     0.066186     0.000036     0.001956     0.000408     0.005886     0.013292     0.000294     0.035650     0.018758     0.033057     0.004600     0.008065     0.000830     0.041618     0.029464     0.016531     0.160408     0.000123     0.000016     0.014618     0.015094     0.018745     0.011754     0.000025     0.000123     0.014655     0.047302     0.050075     0.061493     0.000043 
    0.266590     0.048788     0.003426     0.003457     0.010824     0.004437     0.058950     0.000000     0.001615     0.000401     0.006077     0.014675     0.000100     0.031573     0.017793     0.033807     0.005156     0.008209     0.000803     0.039308     0.029243     0.016207     0.169044     0.000098     0.000031     0.014472     0.013395     0.018273     0.012444     0.000032     0.000126     0.013701     0.044855     0.047332     0.064712     0.000044 
    0.278076     0.043834     0.003326     0.003850     0.011851     0.005220     0.052260     0.000032     0.001287     0.000409     0.006293     0.016108     0.000012     0.027292     0.016764     0.034397     0.005808     0.008375     0.000755     0.036792     0.028846     0.015920     0.177872     0.000078     0.000050     0.014347     0.011695     0.017772     0.013141     0.000043     0.000129     0.012892     0.042782     0.044278     0.067365     0.000046 
    0.289131     0.039213     0.003118     0.004239     0.012923     0.006108     0.046075     0.000106     0.000991     0.000433     0.006546     0.017590     0.000006     0.022985     0.015678     0.034798     0.006560     0.008577     0.000690     0.034075     0.028270     0.015648     0.186856     0.000062     0.000071     0.014206     0.010057     0.017269     0.013793     0.000059     0.000133     0.012198     0.041105     0.041004     0.069380     0.000048 
    0.299726     0.034891     0.002814     0.004597     0.014042     0.007108     0.040352     0.000194     0.000736     0.000472     0.006847     0.019121     0.000052     0.018826     0.014544     0.034987     0.007409     0.008827     0.000611     0.031179     0.027524     0.015369     0.195942     0.000050     0.000091     0.014019     0.008532     0.016788     0.014346     0.000081     0.000138     0.011586     0.039828     0.037605     0.070716     0.000051 
    0.309831     0.030833     0.002438     0.004899     0.015211     0.008230     0.035049     0.000271     0.000529     0.000526     0.007205     0.020705     0.000120     0.014969     0.013375     0.034949     0.008350     0.009136     0.000526     0.028144     0.026626     0.015056     0.205053     0.000042     0.000108     0.013759     0.007156     0.016350     0.014745     0.000110     0.000143     0.011020     0.038941     0.034172     0.071369     0.000054 
    0.319416     0.027014     0.002018     0.005120     0.016438     0.009484     0.030131     0.000320     0.000370     0.000593     0.007630     0.022345     0.000183     0.011530     0.012185     0.034681     0.009370     0.009513     0.000439     0.025022     0.025602     0.014680     0.214090     0.000038     0.000121     0.013408     0.005950     0.015971     0.014937     0.000146     0.000149     0.010465     0.038419     0.030792     0.071374     0.000058 
    0.328446     0.023412     0.001585     0.005240     0.017729     0.010880     0.025570     0.000332     0.000255     0.000671     0.008128     0.024047     0.000225     0.008586     0.010987     0.034188     0.010447     0.009966     0.000355     0.021874     0.024485     0.014215     0.222939     0.000036     0.000127     0.012956     0.004922     0.015661     0.014881     0.000188     0.000155     0.009888     0.038226     0.027537     0.070798     0.000063 
    0.336885     0.020015     0.001171     0.005244     0.019091     0.012430     0.021348     0.000308     0.000177     0.000755     0.008702     0.025819     0.000238     0.006168     0.009800     0.033488     0.011557     0.010497     0.000279     0.018769     0.023310     0.013635     0.231464     0.000036     0.000128     0.012403     0.004068     0.015427     0.014547     0.000234     0.000161     0.009260     0.038316     0.024463     0.069738     0.000068 
    0.344697     0.016820     0.000803     0.005128     0.020533     0.014145     0.017456     0.000257     0.000128     0.000838     0.009352     0.027667     0.000222     0.004266     0.008637     0.032608     0.012666     0.011106     0.000213     0.015772     0.022116     0.012924     0.239521     0.000039     0.000121     0.011759     0.003376     0.015267     0.013928     0.000283     0.000168     0.008562     0.038629     0.021612     0.068308     0.000074 
    0.351842     0.013833     0.000499     0.004894     0.022062     0.016038     0.013898     0.000191     0.000102     0.000913     0.010074     0.029599     0.000185     0.002835     0.007516     0.031583     0.013738     0.011789     0.000157     0.012945     0.020936     0.012072     0.246957     0.000043     0.000110     0.011040     0.002826     0.015176     0.013034     0.000333     0.000174     0.007780     0.039101     0.019005     0.066636     0.000081 
    0.358280     0.011068     0.000270     0.004557     0.023686     0.018122     0.010687     0.000124     0.000092     0.000971     0.010858     0.031621     0.000138     0.001809     0.006451     0.030455     0.014734     0.012535     0.000113     0.010341     0.019804     0.011082     0.253619     0.000051     0.000094     0.010270     0.002398     0.015145     0.011900     0.000379     0.000180     0.006914     0.039657     0.016652     0.064852     0.000089 
    0.363972     0.008547     0.000117     0.004139     0.025410     0.020412     0.007844     0.000067     0.000097     0.001003     0.011687     0.033738     0.000093     0.001108     0.005453     0.029269     0.015617     0.013329     0.000080     0.008001     0.018749     0.009966     0.259363     0.000060     0.000076     0.009477     0.002070     0.015159     0.010575     0.000418     0.000186     0.005978     0.040219     0.014546     0.063077     0.000097 
    0.368879     0.006298     0.000032     0.003666     0.027236     0.022923     0.005396     0.000028     0.000115     0.001003     0.012539     0.035950     0.000055     0.000654     0.004532     0.028069     0.016354     0.014150     0.000056     0.005954     0.017791     0.008752     0.264058     0.000071     0.000057     0.008689     0.001823     0.015201     0.009127     0.000448     0.000191     0.004996     0.040706     0.012672     0.061426     0.000107 
    0.372968     0.004350     0.000001     0.003168     0.029164     0.025670     0.003373     0.000007     0.000150     0.000964     0.013387     0.038257     0.000030     0.000375     0.003695     0.026899     0.016917     0.014970     0.000039     0.004216     0.016948     0.007474     0.267594     0.000083     0.000039     0.007931     0.001637     0.015249     0.007628     0.000467     0.000195     0.004000     0.041043     0.011005     0.059991     0.000117 
    0.376207     0.002733     0.000007     0.002674     0.031190     0.028669     0.001803     0.000000     0.000203     0.000887     0.014198     0.040652     0.000015     0.000211     0.002947     0.025798     0.017289     0.015760     0.000027     0.002791     0.016231     0.006179     0.269891     0.000095     0.000024     0.007226     0.001495     0.015285     0.006154     0.000472     0.000199     0.003035     0.041160     0.009517     0.058847     0.000128 
    0.378573     0.001474     0.000033     0.002210     0.033306     0.031938     0.000712     0.000002     0.000275     0.000775     0.014935     0.043125     0.000009     0.000120     0.002289     0.024796     0.017465     0.016483     0.000020     0.001674     0.015643     0.004915     0.270899     0.000107     0.000012     0.006593     0.001383     0.015287     0.004772     0.000464     0.000201     0.002143     0.041002     0.008180     0.058047     0.000139 
    0.380048     0.000594     0.000062     0.001795     0.035495     0.035493     0.000117     0.000004     0.000366     0.000635     0.015562     0.045657     0.000009     0.000070     0.001721     0.023919     0.017450     0.017106     0.000016     0.000854     0.015185     0.003729     0.270605     0.000117     0.000004     0.006042     0.001287     0.015237     0.003539     0.000442     0.000203     0.001368     0.040531     0.006965     0.057621     0.000151 
    0.380624     0.000107     0.000084     0.001442     0.037739     0.039350     0.000025     0.000003     0.000472     0.000480     0.016043     0.048228     0.000015     0.000043     0.001240     0.023185     0.017259     0.017595     0.000014     0.000315     0.014853     0.002668     0.269029     0.000124     0.000000     0.005581     0.001194     0.015123     0.002491     0.000409     0.000204     0.000747     0.039727     0.005847     0.057577     0.000162 
    0.380301     0.000014     0.000092     0.001158     0.040011     0.043525     0.000429     0.000000     0.000586     0.000325     0.016347     0.050808     0.000035     0.000027     0.000844     0.022603     0.016922     0.017920     0.000013     0.000042     0.014637     0.001765     0.266227     0.000127     0.000001     0.005210     0.001094     0.014934     0.001648     0.000367     0.000204     0.000306     0.038595     0.004810     0.057900     0.000174 
    0.379089     0.000307     0.000087     0.000941     0.042280     0.048031     0.001311     0.000003     0.000700     0.000186     0.016450     0.053363     0.000082     0.000016     0.000528     0.022173     0.016471     0.018059     0.000013     0.000022     0.014526     0.001045     0.262283     0.000125     0.000005     0.004927     0.000980     0.014669     0.001010     0.000320     0.000203     0.000058     0.037158     0.003842     0.058553     0.000185 
    0.377006     0.000968     0.000071     0.000788     0.044509     0.052881     0.002637     0.000025     0.000802     0.000079     0.016338     0.055855     0.000177     0.000007     0.000289     0.021891     0.015947     0.017998     0.000015     0.000247     0.014504     0.000518     0.257309     0.000119     0.000012     0.004725     0.000847     0.014329     0.000560     0.000271     0.000201     0.000004     0.035460     0.002941     0.059476     0.000196 
    0.374082     0.001967     0.000050     0.000692     0.046660     0.058087     0.004362     0.000085     0.000882     0.000014     0.016010     0.058241     0.000344     0.000001     0.000124     0.021745     0.015392     0.017733     0.000017     0.000716     0.014553     0.000182     0.251432     0.000108     0.000022     0.004594     0.000694     0.013923     0.000270     0.000221     0.000199     0.000130     0.033560     0.002116     0.060589     0.000206 
    0.370353     0.003266     0.000029     0.000648     0.048688     0.063655     0.006431     0.000204     0.000930     0.000002     0.015475     0.060477     0.000609     0.000003     0.000028     0.021716     0.014847     0.017273     0.000020     0.001436     0.014650     0.000022     0.244791     0.000093     0.000034     0.004522     0.000527     0.013466     0.000104     0.000176     0.000195     0.000411     0.031526     0.001386     0.061793     0.000215 
    0.365863     0.004820     0.000013     0.000654     0.050551     0.069590     0.008781     0.000400     0.000941     0.000043     0.014753     0.062519     0.000994     0.000027     0.000000     0.021781     0.014351     0.016638     0.000024     0.002422     0.014771     0.000013     0.237528     0.000075     0.000047     0.004496     0.000357     0.012974     0.000025     0.000135     0.000191     0.000816     0.029434     0.000776     0.062973     0.000223 
    0.360661     0.006583     0.000003     0.000708     0.052206     0.075894     0.011348     0.000685     0.000913     0.000133     0.013877     0.064324     0.001513     0.000094     0.000038     0.021912     0.013936     0.015855     0.000028     0.003697     0.014891     0.000127     0.229782     0.000057     0.000062     0.004498     0.000199     0.012465     0.000001     0.000101     0.000187     0.001310     0.027354     0.000320     0.064006     0.000231 
    0.354803     0.008505     0.000000     0.000814     0.053615     0.082564     0.014065     0.001064     0.000848     0.000261     0.012885     0.065853     0.002168     0.000234     0.000141     0.022077     0.013633     0.014961     0.000032     0.005294     0.014983     0.000331     0.221680     0.000039     0.000078     0.004509     0.000074     0.011958     0.000004     0.000074     0.000182     0.001861     0.025353     0.000055     0.064763     0.000237 
    0.348346     0.010540     0.000000     0.000976     0.054744     0.089595     0.016871     0.001530     0.000753     0.000414     0.011822     0.067074     0.002947     0.000487     0.000310     0.022241     0.013462     0.013997     0.000036     0.007251     0.015021     0.000593     0.213334     0.000023     0.000095     0.004511     0.000006     0.011470     0.000015     0.000054     0.000176     0.002441     0.023487     0.000013     0.065122     0.000243 
    0.341349     0.012647     0.000001     0.001196     0.055565     0.096975     0.019710     0.002065     0.000638     0.000572     0.010732     0.067961     0.003822     0.000897     0.000545     0.022370     0.013439     0.013004     0.000039     0.009609     0.014980     0.000888     0.204840     0.000010     0.000112     0.004483     0.000019     0.011017     0.000025     0.000039     0.000170     0.003031     0.021801     0.000224     0.064975     0.000248 
    0.333871     0.014789     0.000000     0.001475     0.056062     0.104690     0.022537     0.002642     0.000515     0.000719     0.009658     0.068498     0.004756     0.001508     0.000849     0.022430     0.013574     0.012022     0.000043     0.012413     0.014840     0.001192     0.196271     0.000003     0.000129     0.004407     0.000136     0.010609     0.000027     0.000029     0.000164     0.003620     0.020326     0.000706     0.064239     0.000252 
    0.325969     0.016940     0.000000     0.001808     0.056224     0.112724     0.025315     0.003226     0.000394     0.000838     0.008636     0.068678     0.005700     0.002356     0.001224     0.022389     0.013870     0.011088     0.000046     0.015705     0.014586     0.001492     0.187680     0.000000     0.000145     0.004268     0.000374     0.010254     0.000024     0.000023     0.000157     0.004210     0.019078     0.001462     0.062861     0.000255 
    0.317697     0.019077     0.000007     0.002182     0.056052     0.121054     0.028020     0.003784     0.000286     0.000917     0.007697     0.068506     0.006603     0.003464     0.001673     0.022221     0.014322     0.010233     0.000049     0.019523     0.014209     0.001780     0.179100     0.000003     0.000161     0.004057     0.000743     0.009954     0.000018     0.000020     0.000150     0.004813     0.018065     0.002477     0.060825     0.000259 
    0.309107     0.021191     0.000031     0.002579     0.055557     0.129657     0.030638     0.004279     0.000195     0.000949     0.006862     0.067995     0.007416     0.004834     0.002201     0.021905     0.014916     0.009479     0.000051     0.023894     0.013707     0.002053     0.170549     0.000010     0.000176     0.003772     0.001246     0.009709     0.000012     0.000019     0.000143     0.005448     0.017281     0.003721     0.058156     0.000262 
    0.300246     0.023275     0.000088     0.002971     0.054758     0.138508     0.033166     0.004686     0.000126     0.000935     0.006145     0.067167     0.008098     0.006446     0.002810     0.021426     0.015630     0.008842     0.000054     0.028837     0.013086     0.002315     0.162029     0.000021     0.000188     0.003418     0.001872     0.009512     0.000007     0.000021     0.000136     0.006146     0.016713     0.005145     0.054914     0.000265 
    0.291157     0.025331     0.000193     0.003330     0.053682     0.147578     0.035606     0.004986     0.000077     0.000877     0.005552     0.066051     0.008619     0.008252     0.003506     0.020781     0.016431     0.008334     0.000056     0.034352     0.012361     0.002572     0.153532     0.000035     0.000198     0.003008     0.002603     0.009354     0.000004     0.000025     0.000129     0.006941     0.016337     0.006688     0.051195     0.000268 
    0.281876     0.027363     0.000363     0.003624     0.052360     0.156840     0.037971     0.005170     0.000046     0.000787     0.005082     0.064683     0.008965     0.010184     0.004290     0.019970     0.017274     0.007957     0.000058     0.040427     0.011551     0.002834     0.145047     0.000051     0.000205     0.002561     0.003411     0.009223     0.000004     0.000031     0.000121     0.007875     0.016124     0.008280     0.047119     0.000272 
    0.272439     0.029382     0.000610     0.003825     0.050830     0.166263     0.040273     0.005243     0.000029     0.000675     0.004732     0.063101     0.009135     0.012154     0.005164     0.019005     0.018105     0.007710     0.000060     0.047029     0.010681     0.003112     0.136561     0.000066     0.000208     0.002102     0.004263     0.009104     0.000005     0.000041     0.000114     0.008995     0.016037     0.009850     0.042822     0.000277 
    0.262874     0.031394     0.000937     0.003911     0.049130     0.175821     0.042529     0.005218     0.000021     0.000554     0.004493     0.061345     0.009144     0.014067     0.006128     0.017903     0.018859     0.007588     0.000063     0.054112     0.009777     0.003417     0.128064     0.000082     0.000207     0.001654     0.005122     0.008979     0.000011     0.000053     0.000108     0.010349     0.016032     0.011329     0.038443     0.000282 
    0.253208     0.033410     0.001341     0.003871     0.047297     0.185486     0.044753     0.005115     0.000020     0.000436     0.004356     0.059453     0.009019     0.015827     0.007180     0.016685     0.019471     0.007583     0.000065     0.061616     0.008866     0.003762     0.119554     0.000095     0.000202     0.001242     0.005951     0.008829     0.000027     0.000069     0.000101     0.011988     0.016059     0.012661     0.034117     0.000288 
    0.243466     0.035435     0.001806     0.003704     0.045366     0.195230     0.046960     0.004961     0.000026     0.000329     0.004309     0.057460     0.008792     0.017347     0.008312     0.015380     0.019872     0.007681     0.000066     0.069468     0.007974     0.004156     0.111039     0.000106     0.000192     0.000883     0.006718     0.008636     0.000060     0.000088     0.000095     0.013960     0.016065     0.013802     0.029961     0.000295 
    0.233668     0.037471     0.002308     0.003422     0.043370     0.205029     0.049156     0.004782     0.000040     0.000241     0.004339     0.055396     0.008503     0.018560     0.009515     0.014015     0.020001     0.007865     0.000068     0.077594     0.007123     0.004609     0.102539     0.000115     0.000179     0.000589     0.007398     0.008381     0.000122     0.000110     0.000089     0.016307     0.015995     0.014726     0.026073     0.000302 
    0.223838     0.039515     0.002814     0.003048     0.041335     0.214860     0.051344     0.004605     0.000068     0.000173     0.004430     0.053287     0.008191     0.019421     0.010773     0.012623     0.019810     0.008114     0.000068     0.085915     0.006329     0.005128     0.094087     0.000121     0.000163     0.000364     0.007974     0.008052     0.000226     0.000132     0.000083     0.019058     0.015794     0.015427     0.022521     0.000311 
    0.213994     0.041557     0.003289     0.002610     0.039282     0.224699     0.053520     0.004456     0.000113     0.000124     0.004565     0.051151     0.007891     0.019913     0.012069     0.011231     0.019271     0.008401     0.000067     0.094359     0.005603     0.005718     0.085726     0.000124     0.000145     0.000206     0.008438     0.007636     0.000383     0.000156     0.000078     0.022226     0.015416     0.015914     0.019349     0.000321 
    0.204160     0.043583     0.003695     0.002143     0.037225     0.234525     0.055672     0.004356     0.000180     0.000092     0.004723     0.048997     0.007635     0.020046     0.013378     0.009868     0.018377     0.008695     0.000065     0.102862     0.004952     0.006380     0.077513     0.000124     0.000126     0.000103     0.008793     0.007131     0.000602     0.000178     0.000074     0.025803     0.014824     0.016215     0.016573     0.000331 
    0.194358     0.045571     0.004001     0.001680     0.035174     0.244317     0.057781     0.004322     0.000271     0.000074     0.004880     0.046829     0.007451     0.019856     0.014675     0.008557     0.017149     0.008959     0.000061     0.111372     0.004375     0.007110     0.069509     0.000123     0.000107     0.000045     0.009050     0.006538     0.000889     0.000199     0.000070     0.029751     0.013998     0.016368     0.014187     0.000343 
    0.184610     0.047492     0.004183     0.001252     0.033130     0.254053     0.059820     0.004371     0.000386     0.000068     0.005011     0.044645     0.007360     0.019396     0.015930     0.007320     0.015631     0.009158     0.000056     0.119853     0.003869     0.007902     0.061780     0.000119     0.000089     0.000016     0.009226     0.005867     0.001241     0.000216     0.000066     0.034003     0.012938     0.016420     0.012168     0.000355 
    0.174944     0.049314     0.004229     0.000881     0.031093     0.263709     0.061757     0.004515     0.000518     0.000072     0.005091     0.042436     0.007378     0.018732     0.017116     0.006173     0.013891     0.009254     0.000048     0.128286     0.003426     0.008743     0.054392     0.000115     0.000072     0.000004     0.009342     0.005135     0.001648     0.000229     0.000063     0.038462     0.011662     0.016422     0.010481     0.000367 
    0.165384     0.050999     0.004139     0.000579     0.029058     0.273262     0.063554     0.004766     0.000658     0.000087     0.005096     0.040191     0.007517     0.017936     0.018205     0.005125     0.012012     0.009216     0.000040     0.136664     0.003036     0.009615     0.047407     0.000109     0.000059     0.000001     0.009422     0.004365     0.002095     0.000237     0.000060     0.043007     0.010211     0.016426     0.009083     0.000381 
    0.155961     0.052509     0.003925     0.000352     0.027016     0.282684     0.065171     0.005134     0.000794     0.000116     0.005006     0.037895     0.007785     0.017078     0.019174     0.004185     0.010084     0.009021     0.000030     0.144995     0.002687     0.010499     0.040878     0.000103     0.000048     0.000000     0.009489     0.003583     0.002559     0.000241     0.000057     0.047495     0.008642     0.016480     0.007928     0.000395 
    0.146701     0.053804     0.003611     0.000194     0.024960     0.291945     0.066567     0.005625     0.000911     0.000161     0.004813     0.035533     0.008189     0.016223     0.020005     0.003355     0.008198     0.008656     0.000020     0.153299     0.002369     0.011370     0.034850     0.000096     0.000040     0.000001     0.009565     0.002821     0.003017     0.000239     0.000055     0.051774     0.007026     0.016629     0.006968     0.000409 
    0.137635     0.054848     0.003226     0.000094     0.022884     0.301011     0.067702     0.006246     0.000995     0.000226     0.004512     0.033093     0.008726     0.015426     0.020688     0.002633     0.006436     0.008123     0.000012     0.161598     0.002070     0.012204     0.029350     0.000089     0.000034     0.000003     0.009668     0.002109     0.003445     0.000233     0.000053     0.055693     0.005441     0.016914     0.006158     0.000423 
    0.128790     0.055608     0.002804     0.000039     0.020783     0.309844     0.068540     0.006994     0.001035     0.000310     0.004112     0.030566     0.009393     0.014730     0.021221     0.002016     0.004860     0.007436     0.000005     0.169916     0.001782     0.012977     0.024396     0.000081     0.000032     0.000008     0.009812     0.001475     0.003822     0.000222     0.000051     0.059117     0.003961     0.017368     0.005459     0.000437 
    0.120197     0.056057     0.002376     0.000013     0.018658     0.318400     0.069052     0.007862     0.001024     0.000412     0.003632     0.027949     0.010179     0.014167     0.021608     0.001496     0.003516     0.006626     0.000001     0.178275     0.001496     0.013666     0.019989     0.000073     0.000032     0.000017     0.010007     0.000941     0.004131     0.000207     0.000049     0.061934     0.002656     0.018018     0.004833     0.000451 
    0.111879     0.056176     0.001970     0.000003     0.016516     0.326634     0.069216     0.008836     0.000960     0.000528     0.003096     0.025247     0.011065     0.013758     0.021865     0.001067     0.002422     0.005732     0.000000     0.186684     0.001212     0.014255     0.016117     0.000065     0.000034     0.000028     0.010259     0.000524     0.004364     0.000189     0.000048     0.064071     0.001581     0.018884     0.004249     0.000464 
    0.103861     0.055957     0.001607     0.000001     0.014370     0.334494     0.069019     0.009890     0.000848     0.000651     0.002538     0.022475     0.012027     0.013514     0.022012     0.000720     0.001577     0.004800     0.000004     0.195138     0.000929     0.014731     0.012760     0.000058     0.000040     0.000037     0.010568     0.000231     0.004521     0.000170     0.000046     0.065492     0.000774     0.019979     0.003684     0.000477 
    0.096165     0.055401     0.001302     0.000001     0.012240     0.341926     0.068459     0.010992     0.000700     0.000770     0.001990     0.019657     0.013030     0.013438     0.022074     0.000449     0.000961     0.003879     0.000012     0.203616     0.000657     0.015090     0.009885     0.000050     0.000050     0.000039     0.010930     0.000060     0.004606     0.000148     0.000044     0.066206     0.000253     0.021305     0.003124     0.000490 
    0.088808     0.054519     0.001058     0.000002     0.010155     0.348874     0.067545     0.012103     0.000532     0.000875     0.001482     0.016831     0.014037     0.013524     0.022083     0.000245     0.000539     0.003015     0.000024     0.212072     0.000407     0.015335     0.007457     0.000043     0.000064     0.000033     0.011337     0.000000     0.004634     0.000126     0.000042     0.066266     0.000018     0.022854     0.002561     0.000502 
    0.081803     0.053331     0.000877     0.000006     0.008150     0.355280     0.066294     0.013177     0.000363     0.000954     0.001040     0.014040     0.015006     0.013761     0.022069     0.000104     0.000271     0.002243     0.000039     0.220440     0.000199     0.015477     0.005438     0.000036     0.000084     0.000018     0.011777     0.000036     0.004619     0.000103     0.000039     0.065757     0.000051     0.024605     0.002001     0.000512 
    0.075161     0.051865     0.000756     0.000016     0.006266     0.361086     0.064735     0.014168     0.000210     0.001000     0.000679     0.011339     0.015893     0.014130     0.022062     0.000023     0.000117     0.001590     0.000056     0.228630     0.000055     0.015532     0.003788     0.000029     0.000110     0.000003     0.012235     0.000146     0.004583     0.000082     0.000036     0.064794     0.000324     0.026523     0.001457     0.000522 
    0.068887     0.050158     0.000689     0.000034     0.004549     0.366237     0.062902     0.015032     0.000092     0.001006     0.000405     0.008788     0.016657     0.014606     0.022093     0.000000     0.000039     0.001067     0.000073     0.236527     0.000000     0.015522     0.002472     0.000024     0.000141     0.000004     0.012695     0.000306     0.004545     0.000061     0.000033     0.063510     0.000799     0.028561     0.000955     0.000531 
    0.062983     0.048251     0.000673     0.000059     0.003045     0.370678     0.060835     0.015729     0.000019     0.000973     0.000215     0.006451     0.017264     0.015157     0.022186     0.000037     0.000007     0.000673     0.000090     0.244002     0.000060     0.015475     0.001458     0.000020     0.000178     0.000049     0.013140     0.000492     0.004524     0.000043     0.000030     0.062043     0.001439     0.030660     0.000525     0.000538 
    0.057447     0.046186     0.000707     0.000088     0.001799     0.374360     0.058580     0.016229     0.000001     0.000902     0.000097     0.004392     0.017687     0.015745     0.022364     0.000134     0.000000     0.000396     0.000105     0.250908     0.000257     0.015418     0.000723     0.000016     0.000219     0.000173     0.013553     0.000685     0.004539     0.000027     0.000027     0.060532     0.002206     0.032748     0.000204     0.000545 
    0.052275     0.044008     0.000793     0.000116     0.000855     0.377242     0.056180     0.016513     0.000035     0.000802     0.000034     0.002672     0.017909     0.016328     0.022643     0.000298     0.000005     0.000216     0.000116     0.257093     0.000609     0.015381     0.000247     0.000014     0.000263     0.000417     0.013922     0.000869     0.004606     0.000014     0.000023     0.059103     0.003070     0.034753     0.000025     0.000549 
    0.047457     0.041760     0.000936     0.000136     0.000247     0.379286     0.053681     0.016574     0.000117     0.000683     0.000007     0.001344     0.017926     0.016862     0.023034     0.000532     0.000016     0.000110     0.000123     0.262405     0.001125     0.015390     0.000021     0.000012     0.000307     0.000824     0.014235     0.001034     0.004739     0.000005     0.000020     0.057869     0.004009     0.036598     0.000021     0.000552 
    0.042983     0.039481     0.001142     0.000141     0.000004     0.380466     0.051125     0.016418     0.000236     0.000556     0.000000     0.000453     0.017744     0.017303     0.023544     0.000843     0.000031     0.000053     0.000126     0.266698     0.001804     0.015472     0.000042     0.000012     0.000348     0.001431     0.014488     0.001178     0.004949     0.000000     0.000016     0.056919     0.005011     0.038216     0.000213     0.000554 
    0.038840     0.037207     0.001414     0.000129     0.000143     0.380762     0.048549     0.016062     0.000376     0.000433     0.000000     0.000032     0.017381     0.017610     0.024172     0.001236     0.000053     0.000026     0.000125     0.269844     0.002636     0.015648     0.000312     0.000013     0.000383     0.002262     0.014680     0.001301     0.005245     0.000001     0.000013     0.056324     0.006073     0.039550     0.000610     0.000554 
    0.035013     0.034970     0.001752     0.000099     0.000672     0.380165     0.045986     0.015533     0.000522     0.000322     0.000001     0.000102     0.016863     0.017750     0.024913     0.001714     0.000089     0.000016     0.000120     0.271739     0.003601     0.015935     0.000840     0.000016     0.000409     0.003327     0.014815     0.001411     0.005633     0.000006     0.000010     0.056131     0.007205     0.040562     0.001208     0.000552 
    0.031487     0.032792     0.002151     0.000059     0.001586     0.378674     0.043465     0.014866     0.000659     0.000229     0.000000     0.000669     0.016222     0.017698     0.025755     0.002281     0.000150     0.000014     0.000112     0.272310     0.004669     0.016347     0.001636     0.000021     0.000424     0.004611     0.014901     0.001519     0.006118     0.000017     0.000007     0.056363     0.008420     0.041234     0.001985     0.000549 
    0.028245     0.030694     0.002599     0.000020     0.002874     0.376297     0.041004     0.014097     0.000773     0.000158     0.000003     0.001729     0.015492     0.017442     0.026681     0.002937     0.000257     0.000019     0.000103     0.271518     0.005805     0.016890     0.002714     0.000030     0.000426     0.006081     0.014951     0.001637     0.006697     0.000031     0.000005     0.057022     0.009742     0.041572     0.002909     0.000543 
    0.025271     0.028687     0.003075     0.000000     0.004514     0.373051     0.038621     0.013266     0.000855     0.000108     0.000014     0.003269     0.014710     0.016981     0.027670     0.003679     0.000441     0.000031     0.000093     0.269364     0.006972     0.017567     0.004082     0.000043     0.000416     0.007678     0.014980     0.001781     0.007364     0.000050     0.000003     0.058086     0.011197     0.041604     0.003938     0.000537 
    0.022548     0.026781     0.003556     0.000018     0.006479     0.368958     0.036324     0.012407     0.000902     0.000076     0.000042     0.005265     0.013910     0.016329     0.028695     0.004501     0.000745     0.000053     0.000084     0.265889     0.008131     0.018370     0.005745     0.000063     0.000394     0.009330     0.015003     0.001967     0.008107     0.000071     0.000002     0.059510     0.012815     0.041381     0.005024     0.000529 
    0.020060     0.024977     0.004011     0.000092     0.008741     0.364048     0.034117     0.011553     0.000914     0.000058     0.000087     0.007691     0.013120     0.015508     0.029727     0.005397     0.001225     0.000083     0.000075     0.261169     0.009246     0.019288     0.007703     0.000092     0.000362     0.010951     0.015036     0.002214     0.008909     0.000092     0.000001     0.061225     0.014623     0.040968     0.006118     0.000519 
    0.017791     0.023276     0.004412     0.000239     0.011270     0.358355     0.032002     0.010731     0.000893     0.000053     0.000149     0.010521     0.012367     0.014551     0.030733     0.006356     0.001950     0.000119     0.000068     0.255314     0.010288     0.020301     0.009942     0.000130     0.000322     0.012455     0.015095     0.002541     0.009747     0.000113     0.000000     0.063142     0.016647     0.040441     0.007176     0.000509 
    0.015727     0.021672     0.004732     0.000465     0.014039     0.351916     0.029976     0.009961     0.000847     0.000059     0.000220     0.013728     0.011668     0.013496     0.031682     0.007367     0.002993     0.000155     0.000064     0.248462     0.011235     0.021382     0.012440     0.000180     0.000278     0.013762     0.015193     0.002969     0.010596     0.000131     0.000000     0.065149     0.018908     0.039885     0.008166     0.000498 
    0.013853     0.020161     0.004950     0.000772     0.017026     0.344769     0.028033     0.009258     0.000784     0.000080     0.000290     0.017295     0.011037     0.012383     0.032540     0.008418     0.004429     0.000181     0.000061     0.240769     0.012073     0.022498     0.015164     0.000243     0.000232     0.014805     0.015340     0.003520     0.011426     0.000144     0.000000     0.067118     0.021415     0.039382     0.009064     0.000486 
    0.012157     0.018735     0.005053     0.001149     0.020217     0.336953     0.026168     0.008628     0.000712     0.000119     0.000344     0.021208     0.010482     0.011252     0.033277     0.009497     0.006320     0.000188     0.000062     0.232403     0.012798     0.023614     0.018067     0.000318     0.000187     0.015538     0.015546     0.004215     0.012212     0.000151     0.000000     0.068911     0.024169     0.039013     0.009862     0.000474 
    0.010625     0.017386     0.005038     0.001575     0.023606     0.328507     0.024372     0.008075     0.000639     0.000186     0.000370     0.025465     0.010004     0.010139     0.033866     0.010593     0.008705     0.000173     0.000066     0.223536     0.013414     0.024689     0.021097     0.000404     0.000147     0.015941     0.015815     0.005072     0.012929     0.000150     0.000001     0.070386     0.027153     0.038851     0.010564     0.000462 
    0.009246     0.016106     0.004910     0.002023     0.027195     0.319469     0.022640     0.007598     0.000571     0.000289     0.000359     0.030074     0.009602     0.009076     0.034284     0.011698     0.011596     0.000133     0.000073     0.214332     0.013931     0.025686     0.024193     0.000498     0.000111     0.016016     0.016147     0.006101     0.013561     0.000143     0.000001     0.071407     0.030336     0.038960     0.011186     0.000451 
    0.008009     0.014887     0.004684     0.002459     0.030994     0.309873     0.020966     0.007190     0.000513     0.000436     0.000311     0.035051     0.009270     0.008084     0.034516     0.012801     0.014962     0.000079     0.000084     0.204946     0.014368     0.026569     0.027294     0.000595     0.000083     0.015791     0.016539     0.007306     0.014099     0.000129     0.000002     0.071854     0.033670     0.039392     0.011752     0.000439 
    0.006904     0.013725     0.004381     0.002851     0.035025     0.299755     0.019345     0.006844     0.000468     0.000635     0.000232     0.040423     0.009000     0.007182     0.034551     0.013897     0.018733     0.000027     0.000099     0.195513     0.014744     0.027310     0.030342     0.000692     0.000060     0.015310     0.016983     0.008675     0.014543     0.000110     0.000002     0.071635     0.037089     0.040189     0.012296     0.000429 
    0.005921     0.012613     0.004026     0.003168     0.039312     0.289144     0.017773     0.006551     0.000438     0.000884     0.000138     0.046223     0.008781     0.006377     0.034388     0.014980     0.022797     0.000000     0.000120     0.186149     0.015084     0.027889     0.033284     0.000781     0.000044     0.014634     0.017468     0.010186     0.014902     0.000088     0.000003     0.070690     0.040511     0.041379     0.012852     0.000420 
    0.005050     0.011548     0.003646     0.003385     0.043886     0.278073     0.016251     0.006300     0.000423     0.001180     0.000053     0.052492     0.008601     0.005673     0.034032     0.016043     0.027011     0.000028     0.000146     0.176944     0.015411     0.028296     0.036080     0.000858     0.000033     0.013828     0.017979     0.011799     0.015195     0.000065     0.000003     0.068999     0.043845     0.042975     0.013458     0.000412 
    0.004283     0.010528     0.003265     0.003489     0.048781     0.266570     0.014778     0.006078     0.000423     0.001511     0.000004     0.059269     0.008447     0.005068     0.033495     0.017082     0.031211     0.000137     0.000177     0.167962     0.015749     0.028530     0.038703     0.000916     0.000026     0.012958     0.018496     0.013463     0.015446     0.000043     0.000004     0.066585     0.046992     0.044976     0.014149     0.000405 
    0.003611     0.009553     0.002903     0.003476     0.054031     0.254668     0.013357     0.005875     0.000439     0.001861     0.000016     0.066595     0.008306     0.004555     0.032797     0.018090     0.035228     0.000350     0.000212     0.159243     0.016117     0.028602     0.041144     0.000951     0.000023     0.012085     0.018996     0.015115     0.015686     0.000024     0.000004     0.063511     0.049854     0.047363     0.014957     0.000400 
    0.003025     0.008623     0.002578     0.003353     0.059666     0.242398     0.011993     0.005679     0.000471     0.002208     0.000111     0.074503     0.008163     0.004127     0.031963     0.019060     0.038903     0.000677     0.000252     0.150807     0.016532     0.028532     0.043409     0.000960     0.000022     0.011260     0.019456     0.016685     0.015949     0.000011     0.000005     0.059877     0.052337     0.050100     0.015910     0.000396 
    0.002518     0.007739     0.002300     0.003137     0.065712     0.229796     0.010689     0.005480     0.000519     0.002530     0.000299     0.083017     0.008007     0.003772     0.031021     0.019982     0.042107     0.001115     0.000294     0.142651     0.017007     0.028345     0.045522     0.000943     0.000024     0.010525     0.019849     0.018104     0.016270     0.000003     0.000005     0.055808     0.054360     0.053127     0.017029     0.000394 
    0.002082     0.006904     0.002075     0.002851     0.072184     0.216901     0.009452     0.005270     0.000580     0.002803     0.000578     0.092150     0.007826     0.003479     0.030004     0.020847     0.044748     0.001643     0.000336     0.134760     0.017549     0.028073     0.047522     0.000902     0.000029     0.009910     0.020151     0.019305     0.016681     0.000000     0.000006     0.051449     0.055864     0.056368     0.018326     0.000393 
    0.001710     0.006121     0.001907     0.002522     0.079087     0.203758     0.008287     0.005041     0.000653     0.003009     0.000935     0.101893     0.007611     0.003239     0.028944     0.021642     0.046787     0.002227     0.000376     0.127104     0.018158     0.027747     0.049458     0.000839     0.000038     0.009435     0.020339     0.020233     0.017215     0.000001     0.000007     0.046951     0.056807     0.059726     0.019803     0.000394 
    0.001395     0.005391     0.001795     0.002176     0.086413     0.190418     0.007199     0.004790     0.000735     0.003132     0.001342     0.112222     0.007356     0.003040     0.027875     0.022353     0.048231     0.002820     0.000412     0.119648     0.018828     0.027401     0.051388     0.000760     0.000050     0.009111     0.020394     0.020848     0.017897     0.000005     0.000007     0.042458     0.057177     0.063090     0.021449     0.000395 
    0.001130     0.004717     0.001738     0.001837     0.094136     0.176938     0.006192     0.004515     0.000820     0.003167     0.001765     0.123086     0.007057     0.002872     0.026828     0.022967     0.049141     0.003372     0.000441     0.112355     0.019547     0.027065     0.053375     0.000670     0.000066     0.008940     0.020303     0.021127     0.018751     0.000009     0.000008     0.038100     0.056986     0.066340     0.023240     0.000398 
    0.000908     0.004099     0.001734     0.001525     0.102217     0.163384     0.005271     0.004215     0.000903     0.003114     0.002166     0.134413     0.006714     0.002726     0.025828     0.023471     0.049618     0.003832     0.000461     0.105190     0.020292     0.026763     0.055483     0.000577     0.000087     0.008920     0.020059     0.021069     0.019790     0.000011     0.000009     0.033988     0.056271     0.069351     0.025139     0.000400 
    0.000725     0.003539     0.001779     0.001253     0.110597     0.149827     0.004438     0.003895     0.000976     0.002981     0.002508     0.146109     0.006330     0.002594     0.024899     0.023852     0.049793     0.004158     0.000471     0.098123     0.021035     0.026518     0.057772     0.000487     0.000112     0.009042     0.019664     0.020688     0.021019     0.000011     0.000011     0.030202     0.055090     0.072004     0.027092     0.000403 
    0.000575     0.003036     0.001870     0.001027     0.119205     0.136346     0.003691     0.003559     0.001033     0.002782     0.002763     0.158057     0.005909     0.002470     0.024057     0.024100     0.049818     0.004325     0.000470     0.091134     0.021743     0.026344     0.060296     0.000404     0.000139     0.009294     0.019126     0.020019     0.022435     0.000009     0.000013     0.026799     0.053515     0.074193     0.029035     0.000406 
    0.000452     0.002589     0.002003     0.000850     0.127955     0.123023     0.003032     0.003214     0.001068     0.002536     0.002911     0.170126     0.005459     0.002347     0.023316     0.024209     0.049855     0.004322     0.000459     0.084216     0.022377     0.026250     0.063096     0.000331     0.000168     0.009657     0.018461     0.019107     0.024019     0.000004     0.000015     0.023806     0.051632     0.075830     0.030895     0.000409 
    0.000354     0.002196     0.002171     0.000720     0.136752     0.109947     0.002456     0.002866     0.001075     0.002260     0.002948     0.182173     0.004989     0.002222     0.022679     0.024176     0.050062     0.004160     0.000437     0.077374     0.022893     0.026238     0.066202     0.000272     0.000196     0.010105     0.017694     0.018009     0.025740     0.000001     0.000017     0.021230     0.049526     0.076855     0.032596     0.000410 
    0.000274     0.001852     0.002365     0.000632     0.145497     0.097210     0.001960     0.002524     0.001052     0.001976     0.002880     0.194051     0.004509     0.002092     0.022148     0.024000     0.050590     0.003865     0.000406     0.070624     0.023252     0.026304     0.069626     0.000227     0.000221     0.010607     0.016852     0.016784     0.027553     0.000001     0.000020     0.019055     0.047282     0.077234     0.034063     0.000410 
    0.000212     0.001556     0.002572     0.000583     0.154091     0.084904     0.001540     0.002194     0.001000     0.001699     0.002728     0.205615     0.004028     0.001956     0.021715     0.023686     0.051577     0.003474     0.000369     0.063999     0.023416     0.026438     0.073360     0.000195     0.000242     0.011125     0.015966     0.015492     0.029398     0.000008     0.000023     0.017255     0.044979     0.076969     0.035228     0.000408 
    0.000162     0.001302     0.002780     0.000568     0.162439     0.073122     0.001188     0.001883     0.000921     0.001444     0.002516     0.216733     0.003556     0.001814     0.021369     0.023244     0.053142     0.003033     0.000327     0.057539     0.023353     0.026626     0.077374     0.000177     0.000256     0.011617     0.015068     0.014188     0.031204     0.000025     0.000027     0.015791     0.042682     0.076088     0.036039     0.000405 
    0.000124     0.001087     0.002971     0.000586     0.170457     0.061954     0.000898     0.001596     0.000820     0.001218     0.002273     0.227289     0.003102     0.001666     0.021095     0.022683     0.055386     0.002584     0.000282     0.051292     0.023044     0.026848     0.081614     0.000171     0.000263     0.012037     0.014189     0.012921     0.032891     0.000054     0.000031     0.014622     0.040445     0.074647     0.036461     0.000399 
    0.000094     0.000905     0.003129     0.000634     0.178078     0.051486     0.000663     0.001336     0.000705     0.001028     0.002028     0.237193     0.002673     0.001516     0.020872     0.022018     0.058389     0.002165     0.000238     0.045311     0.022481     0.027079     0.086003     0.000178     0.000261     0.012342     0.013355     0.011728     0.034377     0.000097     0.000035     0.013701     0.038305     0.072724     0.036481     0.000392 
    0.000071     0.000754     0.003238     0.000712     0.185249     0.041800     0.000477     0.001106     0.000584     0.000875     0.001804     0.246381     0.002274     0.001365     0.020677     0.021265     0.062200     0.001803     0.000196     0.039647     0.021669     0.027293     0.090444     0.000199     0.000252     0.012492     0.012590     0.010639     0.035582     0.000152     0.000039     0.012980     0.036286     0.070412     0.036110     0.000382 
    0.000053     0.000628     0.003286     0.000818     0.191944     0.032972     0.000333     0.000906     0.000464     0.000756     0.001621     0.254825     0.001910     0.001216     0.020484     0.020439     0.066837     0.001517     0.000157     0.034348     0.020628     0.027462     0.094818     0.000235     0.000234     0.012458     0.011910     0.009674     0.036436     0.000216     0.000044     0.012415     0.034394     0.067813     0.035380     0.000370 
    0.000040     0.000524     0.003263     0.000948     0.198153     0.025071     0.000223     0.000734     0.000353     0.000671     0.001492     0.262524     0.001581     0.001072     0.020269     0.019558     0.072274     0.001314     0.000123     0.029455     0.019390     0.027556     0.098993     0.000289     0.000211     0.012219     0.011329     0.008841     0.036884     0.000285     0.000048     0.011958     0.032627     0.065028     0.034342     0.000357 
    0.000030     0.000438     0.003166     0.001097     0.203892     0.018160     0.000143     0.000591     0.000255     0.000614     0.001426     0.269513     0.001291     0.000935     0.020005     0.018636     0.078436     0.001197     0.000095     0.024997     0.017997     0.027547     0.102833     0.000363     0.000184     0.011772     0.010851     0.008144     0.036892     0.000352     0.000053     0.011568     0.030970     0.062155     0.033061     0.000342 
    0.000023     0.000368     0.002998     0.001258     0.209193     0.012292     0.000085     0.000472     0.000175     0.000582     0.001432     0.275851     0.001037     0.000807     0.019671     0.017689     0.085190     0.001169     0.000071     0.020994     0.016498     0.027409     0.106200     0.000457     0.000154     0.011126     0.010477     0.007579     0.036450     0.000411     0.000057     0.011203     0.029401     0.059282     0.031611     0.000325 
    0.000017     0.000310     0.002767     0.001419     0.214105     0.007518     0.000047     0.000375     0.000113     0.000572     0.001518     0.281620     0.000819     0.000689     0.019248     0.016731     0.092347     0.001235     0.000052     0.017451     0.014946     0.027120     0.108968     0.000572     0.000125     0.010304     0.010202     0.007139     0.035575     0.000456     0.000061     0.010829     0.027893     0.056483     0.030068     0.000309 
    0.000013     0.000263     0.002486     0.001569     0.218689     0.003881     0.000022     0.000297     0.000068     0.000579     0.001695     0.286915     0.000634     0.000582     0.018723     0.015773     0.099658     0.001407     0.000038     0.014359     0.013390     0.026664     0.111030     0.000705     0.000096     0.009342     0.010016     0.006810     0.034306     0.000481     0.000065     0.010415     0.026414     0.053815     0.028507     0.000292 
    0.000010     0.000224     0.002171     0.001697     0.223011     0.001417     0.000008     0.000236     0.000038     0.000602     0.001978     0.291843     0.000480     0.000486     0.018090     0.014826     0.106832     0.001701     0.000027     0.011701     0.011876     0.026030     0.112305     0.000851     0.000071     0.008283     0.009905     0.006581     0.032703     0.000484     0.000068     0.009937     0.024937     0.051320     0.026995     0.000275 
    0.000008     0.000192     0.001841     0.001791     0.227140     0.000163     0.000001     0.000187     0.000020     0.000634     0.002379     0.296507     0.000355     0.000401     0.017348     0.013899     0.113544     0.002141     0.000020     0.009448     0.010442     0.025218     0.112745     0.001003     0.000049     0.007176     0.009852     0.006433     0.030844     0.000464     0.000071     0.009383     0.023434     0.049020     0.025587     0.000259 
    0.000006     0.000166     0.001514     0.001843     0.231136     0.000151     0.000000     0.000150     0.000010     0.000673     0.002911     0.301003     0.000254     0.000327     0.016503     0.012999     0.119467     0.002746     0.000015     0.007565     0.009116     0.024232     0.112338     0.001150     0.000032     0.006068     0.009834     0.006350     0.028813     0.000423     0.000073     0.008748     0.021886     0.046923     0.024329     0.000244 
    0.000005     0.000143     0.001205     0.001848     0.235054     0.001410     0.000002     0.000121     0.000005     0.000713     0.003577     0.305414     0.000175     0.000263     0.015568     0.012134     0.124291     0.003530     0.000011     0.006013     0.007919     0.023086     0.111110     0.001283     0.000019     0.005003     0.009827     0.006312     0.026699     0.000365     0.000075     0.008035     0.020280     0.045023     0.023251     0.000230 
    0.000004     0.000125     0.000928     0.001806     0.238930     0.003970     0.000005     0.000098     0.000004     0.000748     0.004371     0.309799     0.000115     0.000208     0.014559     0.011306     0.127755     0.004490     0.000009     0.004748     0.006859     0.021800     0.109122     0.001391     0.000010     0.004017     0.009806     0.006298     0.024583     0.000297     0.000077     0.007259     0.018613     0.043298     0.022373     0.000218 
    0.000003     0.000109     0.000689     0.001719     0.242785     0.007861     0.000009     0.000081     0.000004     0.000774     0.005269     0.314192     0.000071     0.000161     0.013495     0.010520     0.129673     0.005606     0.000008     0.003731     0.005938     0.020402     0.106464     0.001464     0.000004     0.003136     0.009744     0.006286     0.022541     0.000225     0.000078     0.006439     0.016890     0.041718     0.021701     0.000207 
    0.000003     0.000096     0.000494     0.001595     0.246615     0.013112     0.000013     0.000068     0.000006     0.000784     0.006234     0.318595     0.000040     0.000121     0.012399     0.009778     0.129948     0.006831     0.000008     0.002920     0.005150     0.018923     0.103249     0.001496     0.000001     0.002377     0.009616     0.006254     0.020633     0.000156     0.000079     0.005601     0.015129     0.040246     0.021231     0.000198 
    0.000002     0.000084     0.000342     0.001444     0.250393     0.019751     0.000016     0.000059     0.000011     0.000775     0.007211     0.322978     0.000019     0.000088     0.011292     0.009079     0.128585     0.008099     0.000008     0.002280     0.004485     0.017396     0.099606     0.001483     0.000000     0.001746     0.009403     0.006182     0.018904     0.000097     0.000079     0.004770     0.013354     0.038835     0.020951     0.000191 
    0.000002     0.000074     0.000229     0.001277     0.254068     0.027807     0.000018     0.000051     0.000021     0.000745     0.008133     0.327275     0.000007     0.000062     0.010195     0.008425     0.125694     0.009324     0.000008     0.001778     0.003930     0.015857     0.095669     0.001426     0.000000     0.001240     0.009090     0.006052     0.017384     0.000050     0.000079     0.003974     0.011595     0.037439     0.020836     0.000186 
    0.000002     0.000065     0.000150     0.001105     0.257565     0.037305     0.000019     0.000046     0.000036     0.000695     0.008929     0.331390     0.000001     0.000040     0.009126     0.007812     0.121472     0.010413     0.000009     0.001385     0.003470     0.014337     0.091570     0.001327     0.000000     0.000848     0.008668     0.005851     0.016091     0.000019     0.000079     0.003234     0.009887     0.036013     0.020856     0.000183 
    0.000002     0.000057     0.000097     0.000938     0.260788     0.048269     0.000019     0.000042     0.000059     0.000628     0.009532     0.335196     0.000000     0.000024     0.008101     0.007239     0.116193     0.011274     0.000010     0.001080     0.003089     0.012867     0.087429     0.001196     0.000001     0.000558     0.008140     0.005570     0.015025     0.000003     0.000078     0.002568     0.008264     0.034511     0.020972     0.000181 
    0.000002     0.000050     0.000063     0.000784     0.263621     0.060717     0.000019     0.000039     0.000090     0.000547     0.009886     0.338541     0.000001     0.000013     0.007132     0.006701     0.110177     0.011830     0.000011     0.000842     0.002772     0.011471     0.083354     0.001041     0.000001     0.000350     0.007513     0.005210     0.014182     0.000000     0.000078     0.001988     0.006759     0.032898     0.021137     0.000180 
    0.000002     0.000044     0.000044     0.000650     0.265936     0.074659     0.000017     0.000037     0.000128     0.000458     0.009952     0.341255     0.000004     0.000005     0.006228     0.006195     0.103763     0.012028     0.000012     0.000657     0.002508     0.010169     0.079427     0.000874     0.000001     0.000209     0.006806     0.004776     0.013545     0.000006     0.000077     0.001499     0.005397     0.031148     0.021302     0.000181 
    0.000001     0.000038     0.000034     0.000537     0.267600     0.090099     0.000015     0.000036     0.000172     0.000367     0.009722     0.343162     0.000007     0.000001     0.005395     0.005716     0.097287     0.011849     0.000013     0.000511     0.002283     0.008973     0.075710     0.000707     0.000001     0.000117     0.006041     0.004282     0.013093     0.000016     0.000077     0.001099     0.004199     0.029246     0.021410     0.000183 
    0.000001     0.000032     0.000031     0.000446     0.268479     0.107027     0.000013     0.000035     0.000220     0.000282     0.009209     0.344082     0.000010     0.000000     0.004635     0.005260     0.091051     0.011306     0.000013     0.000396     0.002087     0.007892     0.072242     0.000549     0.000001     0.000061     0.005247     0.003746     0.012799     0.000026     0.000077     0.000784     0.003173     0.027190     0.021410     0.000186 
    0.000001     0.000027     0.000032     0.000378     0.268447     0.125425     0.000011     0.000035     0.000268     0.000206     0.008456     0.343850     0.000012     0.000001     0.003950     0.004822     0.085314     0.010451     0.000014     0.000305     0.001911     0.006925     0.069034     0.000409     0.000001     0.000029     0.004452     0.003191     0.012633     0.000033     0.000076     0.000544     0.002322     0.024995     0.021250     0.000189 
    0.000001     0.000023     0.000038     0.000329     0.267397     0.145257     0.000009     0.000036     0.000313     0.000142     0.007524     0.342322     0.000013     0.000004     0.003339     0.004400     0.080280     0.009358     0.000014     0.000233     0.001749     0.006071     0.066081     0.000291     0.000000     0.000012     0.003684     0.002639     0.012558     0.000034     0.000076     0.000367     0.001639     0.022687     0.020887     0.000193 
    0.000001     0.000019     0.000049     0.000297     0.265243     0.166475     0.000007     0.000037     0.000352     0.000093     0.006487     0.339385     0.000013     0.000007     0.002798     0.003990     0.076094     0.008122     0.000014     0.000175     0.001595     0.005323     0.063354     0.000197     0.000000     0.000004     0.002968     0.002113     0.012537     0.000030     0.000076     0.000241     0.001110     0.020307     0.020292     0.000197 
    0.000001     0.000015     0.000064     0.000282     0.261931     0.189016     0.000006     0.000037     0.000382     0.000058     0.005422     0.334967     0.000012     0.000010     0.002325     0.003591     0.072846     0.006838     0.000013     0.000128     0.001446     0.004670     0.060810     0.000127     0.000000     0.000001     0.002322     0.001633     0.012530     0.000022     0.000076     0.000155     0.000717     0.017901     0.019448     0.000200 
    0.000001     0.000011     0.000083     0.000279     0.257441     0.212800     0.000004     0.000038     0.000400     0.000034     0.004399     0.329043     0.000010     0.000013     0.001915     0.003203     0.070577     0.005598     0.000012     0.000092     0.001300     0.004103     0.058394     0.000078     0.000000     0.000000     0.001759     0.001212     0.012494     0.000012     0.000076     0.000098     0.000437     0.015522     0.018358     0.000202 
    0.000001     0.000008     0.000106     0.000289     0.251790     0.237734     0.000003     0.000039     0.000406     0.000020     0.003475     0.321637     0.000008     0.000015     0.001563     0.002827     0.069281     0.004473     0.000011     0.000063     0.001155     0.003610     0.056042     0.000047     0.000001     0.000000     0.001286     0.000859     0.012392     0.000003     0.000076     0.000061     0.000248     0.013224     0.017040     0.000204 
    0.000001     0.000006     0.000130     0.000309     0.245033     0.263715     0.000002     0.000040     0.000400     0.000012     0.002688     0.312821     0.000006     0.000015     0.001264     0.002466     0.068914     0.003513     0.000009     0.000042     0.001013     0.003179     0.053687     0.000028     0.000002     0.000001     0.000903     0.000577     0.012188     0.000000     0.000077     0.000038     0.000128     0.011057     0.015532     0.000205 
    0.000001     0.000004     0.000154     0.000338     0.237259     0.290625     0.000002     0.000040     0.000383     0.000009     0.002054     0.302715     0.000004     0.000015     0.001012     0.002122     0.069394     0.002740     0.000008     0.000026     0.000875     0.002800     0.051262     0.000018     0.000003     0.000002     0.000606     0.000363     0.011854     0.000004     0.000077     0.000024     0.000058     0.009063     0.013882     0.000204 
    0.000001     0.000002     0.000175     0.000374     0.228590     0.318340     0.000001     0.000040     0.000357     0.000008     0.001575     0.291481     0.000003     0.000013     0.000803     0.001800     0.070599     0.002158     0.000006     0.000015     0.000743     0.002464     0.048709     0.000013     0.000003     0.000003     0.000384     0.000209     0.011372     0.000018     0.000078     0.000016     0.000022     0.007274     0.012150     0.000202 
    0.000001     0.000001     0.000191     0.000414     0.219169     0.346731     0.000001     0.000039     0.000324     0.000010     0.001238     0.279307     0.000002     0.000011     0.000631     0.001502     0.072365     0.001755     0.000004     0.000007     0.000618     0.002163     0.045980     0.000012     0.000004     0.000004     0.000228     0.000108     0.010738     0.000041     0.000079     0.000011     0.000005     0.005710     0.010399     0.000199 
    0.000001     0.000000     0.000200     0.000454     0.209157     0.375667     0.000001     0.000037     0.000286     0.000016     0.001024     0.266407     0.000001     0.000008     0.000491     0.001232     0.074489     0.001510     0.000003     0.000003     0.000503     0.001891     0.043045     0.000014     0.000005     0.000005     0.000123     0.000046     0.009957     0.000071     0.000080     0.000008     0.000000     0.004378     0.008692     0.000194 
    0.000001     0.000000     0.000203     0.000491     0.198722     0.405017     0.000001     0.000035     0.000247     0.000025     0.000916     0.253002     0.000000     0.000005     0.000378     0.000992     0.076725     0.001406     0.000002     0.000001     0.000399     0.001643     0.039894     0.000019     0.000005     0.000006     0.000059     0.000014     0.009051     0.000106     0.000081     0.000006     0.000000     0.003276     0.007084     0.000188 
    0.000001     0.000000     0.000197     0.000522     0.188031     0.434652     0.000001     0.000032     0.000208     0.000041     0.000902     0.239308     0.000000     0.000003     0.000289     0.000784     0.078798     0.001435     0.000001     0.000000     0.000309     0.001416     0.036537     0.000028     0.000005     0.000007     0.000023     0.000002     0.008049     0.000142     0.000082     0.000005     0.000002     0.002389     0.005620     0.000181 
    0.000001     0.000001     0.000185     0.000541     0.177244     0.464452     0.000000     0.000028     0.000171     0.000063     0.000979     0.225534     0.000000     0.000001     0.000218     0.000607     0.080413     0.001595     0.000000     0.000000     0.000231     0.001209     0.033009     0.000041     0.000005     0.000009     0.000006     0.000000     0.006989     0.000176     0.000083     0.000003     0.000003     0.001695     0.004333     0.000174 
    0.000001     0.000002     0.000167     0.000548     0.166502     0.494302     0.000000     0.000024     0.000138     0.000091     0.001150     0.211860     0.000000     0.000000     0.000162     0.000460     0.081280     0.001899     0.000000     0.000000     0.000168     0.001020     0.029365     0.000059     0.000005     0.000011     0.000000     0.000005     0.005916     0.000203     0.000083     0.000002     0.000003     0.001170     0.003240     0.000166 
    0.000001     0.000003     0.000146     0.000539     0.155925     0.524097     0.000000     0.000020     0.000109     0.000124     0.001424     0.198441     0.000000     0.000000     0.000119     0.000342     0.081136     0.002358     0.000000     0.000000     0.000117     0.000850     0.025678     0.000080     0.000004     0.000012     0.000001     0.000010     0.004869     0.000221     0.000084     0.000001     0.000002     0.000783     0.002343     0.000157 
    0.000001     0.000004     0.000123     0.000516     0.145611     0.553743     0.000000     0.000015     0.000085     0.000160     0.001808     0.185398     0.000000     0.000000     0.000086     0.000248     0.079774     0.002984     0.000000     0.000001     0.000078     0.000698     0.022031     0.000103     0.000004     0.000013     0.000003     0.000014     0.003889     0.000228     0.000085     0.000001     0.000001     0.000509     0.001636     0.000149 
    0.000002     0.000005     0.000099     0.000479     0.135629     0.583151     0.000000     0.000011     0.000065     0.000195     0.002302     0.172815     0.000000     0.000001     0.000061     0.000176     0.077070     0.003772     0.000001     0.000000     0.000049     0.000565     0.018510     0.000127     0.000003     0.000014     0.000006     0.000016     0.003005     0.000224     0.000086     0.000000     0.000001     0.000321     0.001098     0.000141 
    0.000002     0.000006     0.000077     0.000430     0.126021     0.612244     0.000000     0.000008     0.000049     0.000226     0.002892     0.160740     0.000001     0.000002     0.000042     0.000121     0.072997     0.004700     0.000001     0.000000     0.000029     0.000451     0.015198     0.000148     0.000002     0.000014     0.000007     0.000016     0.002239     0.000211     0.000087     0.000000     0.000000     0.000196     0.000707     0.000133 
    0.000002     0.000007     0.000058     0.000374     0.116805     0.640951     0.000000     0.000005     0.000037     0.000250     0.003550     0.149190     0.000001     0.000003     0.000028     0.000082     0.067640     0.005720     0.000002     0.000000     0.000016     0.000354     0.012170     0.000163     0.000001     0.000013     0.000008     0.000014     0.001603     0.000190     0.000087     0.000001     0.000000     0.000116     0.000435     0.000126 
    0.000002     0.000007     0.000042     0.000315     0.107978     0.669203     0.000000     0.000002     0.000028     0.000263     0.004228     0.138150     0.000002     0.000003     0.000018     0.000053     0.061187     0.006762     0.000002     0.000000     0.000008     0.000274     0.009480     0.000172     0.000001     0.000012     0.000007     0.000012     0.001096     0.000164     0.000088     0.000002     0.000000     0.000067     0.000255     0.000119 
    0.000002     0.000008     0.000029     0.000255     0.099517     0.696936     0.000000     0.000001     0.000021     0.000265     0.004869     0.127584     0.000002     0.000003     0.000011     0.000033     0.053920     0.007737     0.000002     0.000000     0.000003     0.000209     0.007164     0.000173     0.000000     0.000010     0.000006     0.000008     0.000711     0.000135     0.000088     0.000004     0.000000     0.000038     0.000142     0.000113 
    0.000002     0.000008     0.000020     0.000200     0.091387     0.724083     0.000000     0.000000     0.000016     0.000256     0.005408     0.117438     0.000003     0.000002     0.000007     0.000020     0.046183     0.008551     0.000003     0.000001     0.000001     0.000157     0.005235     0.000165     0.000000     0.000007     0.000005     0.000006     0.000433     0.000106     0.000088     0.000007     0.000000     0.000021     0.000075     0.000108 
    0.000003     0.000008     0.000013     0.000150     0.083547     0.750574     0.000000     0.000000     0.000012     0.000236     0.005783     0.107649     0.000003     0.000001     0.000003     0.000011     0.038350     0.009114     0.000003     0.000001     0.000000     0.000117     0.003686     0.000150     0.000000     0.000004     0.000004     0.000003     0.000244     0.000080     0.000088     0.000009     0.000000     0.000012     0.000038     0.000103 
    0.000003     0.000007     0.000008     0.000108     0.075951     0.776335     0.000000     0.000000     0.000009     0.000208     0.005946     0.098150     0.000003     0.000001     0.000002     0.000005     0.030786     0.009354     0.000003     0.000002     0.000000     0.000086     0.002488     0.000130     0.000001     0.000002     0.000003     0.000002     0.000125     0.000058     0.000088     0.000012     0.000000     0.000007     0.000019     0.000100 
    0.000003     0.000007     0.000005     0.000074     0.068560     0.801281     0.000001     0.000001     0.000007     0.000175     0.005870     0.088881     0.000003     0.000000     0.000001     0.000002     0.023810     0.009233     0.000002     0.000002     0.000000     0.000063     0.001601     0.000107     0.000002     0.000001     0.000002     0.000001     0.000055     0.000040     0.000087     0.000014     0.000000     0.000005     0.000009     0.000097 
    0.000003     0.000006     0.000003     0.000049     0.061342     0.825319     0.000001     0.000002     0.000006     0.000141     0.005551     0.079795     0.000003     0.000000     0.000000     0.000000     0.017670     0.008749     0.000002     0.000002     0.000000     0.000045     0.000974     0.000083     0.000003     0.000000     0.000001     0.000000     0.000020     0.000026     0.000087     0.000014     0.000000     0.000003     0.000005     0.000094 
    0.000003     0.000005     0.000002     0.000030     0.054279     0.848346     0.000002     0.000002     0.000004     0.000108     0.005017     0.070862     0.000002     0.000001     0.000000     0.000000     0.012519     0.007941     0.000001     0.000002     0.000001     0.000032     0.000555     0.000060     0.000004     0.000000     0.000001     0.000000     0.000005     0.000016     0.000086     0.000014     0.000000     0.000002     0.000004     0.000092 
    0.000003     0.000005     0.000001     0.000018     0.047371     0.870246     0.000002     0.000003     0.000003     0.000079     0.004318     0.062080     0.000002     0.000002     0.000000     0.000000     0.008413     0.006883     0.000000     0.000002     0.000001     0.000023     0.000291     0.000041     0.000006     0.000002     0.000001     0.000000     0.000000     0.000010     0.000085     0.000013     0.000000     0.000002     0.000004     0.000091 
    0.000003     0.000004     0.000001     0.000010     0.040641     0.890896     0.000002     0.000003     0.000003     0.000055     0.003522     0.053473     0.000001     0.000003     0.000000     0.000001     0.005317     0.005675     0.000000     0.000001     0.000001     0.000016     0.000137     0.000026     0.000008     0.000004     0.000001     0.000000     0.000000     0.000006     0.000084     0.000011     0.000000     0.000001     0.000004     0.000089 
    0.000003     0.000003     0.000001     0.000005     0.034131     0.910163     0.000003     0.000003     0.000002     0.000037     0.002704     0.045098     0.000000     0.000004     0.000000     0.000002     0.003124     0.004425     0.000000     0.000001     0.000001     0.000011     0.000056     0.000014     0.000009     0.000006     0.000001     0.000001     0.000001     0.000004     0.000083     0.000008     0.000000     0.000001     0.000005     0.000088 
    0.000003     0.000003     0.000001     0.000003     0.027906     0.927910     0.000003     0.000002     0.000002     0.000023     0.001935     0.037041     0.000000     0.000006     0.000000     0.000004     0.001679     0.003239     0.000000     0.000000     0.000001     0.000007     0.000018     0.000007     0.000010     0.000008     0.000001     0.000001     0.000002     0.000003     0.000081     0.000005     0.000001     0.000001     0.000007     0.000088 
    0.000003     0.000002     0.000001     0.000001     0.022050     0.943996     0.000003     0.000002     0.000001     0.000014     0.001272     0.029414     0.000000     0.000006     0.000000     0.000005     0.000806     0.002202     0.000001     0.000000     0.000002     0.000004     0.000004     0.000003     0.000011     0.000010     0.000002     0.000001     0.000001     0.000002     0.000080     0.000003     0.000001     0.000001     0.000009     0.000087 
    0.000003     0.000002     0.000001     0.000000     0.016661     0.958284     0.000003     0.000001     0.000001     0.000009     0.000752     0.022355     0.000001     0.000007     0.000000     0.000005     0.000331     0.001370     0.000003     0.000000     0.000002     0.000002     0.000000     0.000001     0.000012     0.000011     0.000002     0.000001     0.000001     0.000002     0.000079     0.000001     0.000001     0.000000     0.000010     0.000086 
    0.000003     0.000002     0.000001     0.000000     0.011850     0.970639     0.000003     0.000001     0.000000     0.000005     0.000385     0.016012     0.000002     0.000006     0.000000     0.000006     0.000108     0.000763     0.000005     0.000001     0.000003     0.000001     0.000000     0.000000     0.000011     0.000011     0.000002     0.000000     0.000000     0.000002     0.000077     0.000000     0.000000     0.000000     0.000011     0.000086 
    0.000003     0.000001     0.000001     0.000000     0.007727     0.980941     0.000002     0.000001     0.000000     0.000004     0.000160     0.010541     0.000004     0.000005     0.000000     0.000006     0.000023     0.000368     0.000008     0.000001     0.000004     0.000000     0.000001     0.000000     0.000010     0.000010     0.000002     0.000000     0.000000     0.000003     0.000076     0.000000     0.000000     0.000000     0.000011     0.000085 
    0.000003     0.000001     0.000001     0.000000     0.004399     0.989081     0.000002     0.000000     0.000000     0.000003     0.000046     0.006087     0.000005     0.000004     0.000000     0.000005     0.000001     0.000146     0.000012     0.000002     0.000006     0.000000     0.000001     0.000000     0.000009     0.000009     0.000001     0.000000     0.000001     0.000003     0.000075     0.000000     0.000000     0.000000     0.000010     0.000085 
    0.000003     0.000001     0.000002     0.000000     0.001958     0.994970     0.000002     0.000000     0.000000     0.000003     0.000006     0.002784     0.000007     0.000002     0.000000     0.000005     0.000001     0.000044     0.000015     0.000003     0.000007     0.000000     0.000001     0.000000     0.000007     0.000007     0.000001     0.000000     0.000002     0.000004     0.000074     0.000001     0.000000     0.000000     0.000009     0.000084 
    0.000003     0.000001     0.000002     0.000000     0.000476     0.998541     0.000001     0.000000     0.000000     0.000003     0.000000     0.000732     0.000008     0.000001     0.000000     0.000004     0.000003     0.000010     0.000019     0.000004     0.000008     0.000000     0.000001     0.000000     0.000005     0.000005     0.000000     0.000000     0.000004     0.000005     0.000073     0.000002     0.000000     0.000001     0.000007     0.000083 
    0.000003     0.000001     0.000002     0.000000     0.000001     0.999751     0.000001     0.000000     0.000000     0.000003     0.000002     0.000001     0.000008     0.000000     0.000000     0.000003     0.000004     0.000003     0.000022     0.000004     0.000009     0.000001     0.000000     0.000001     0.000003     0.000003     0.000000     0.000000     0.000006     0.000006     0.000072     0.000003     0.000000     0.000001     0.000005     0.000082 
