    0.000000     0.000000     0.000000     0.000000     0.000000     0.000000     0.000000     0.000000     0.000000     0.000000     0.000000     0.000000     0.000000     0.000000     0.000000     0.000000     0.000000     0.000000     0.000000     0.000000     0.000000     0.000000     0.000000     0.000000     0.000000     0.000000     0.000000     0.000000     0.000000     0.000000     0.000000     0.000000     0.000000     0.000000     0.000000     0.000000     0.000000     0.000000     0.000000     0.000000     0.000000     0.000000     0.000000     0.000000     0.000000     0.000000     0.000000     0.000000     0.000000     0.000000     0.000000     0.000000     0.000000     0.000000     0.000000     1.000000     0.000000     0.000000     0.000000     0.000000     0.000000     0.000000     0.000000     0.000000     0.000000     0.000000     0.000000     0.000000     0.000000     0.000000     0.000000     0.000000     0.000000     0.000000     0.000000     0.000000     0.000000     0.000000     0.000000     0.000000     0.000000     0.000000     0.000000     0.000000     0.000000     0.000000     0.000000     0.000000     0.000000     0.000000     0.000000     0.000000     0.000000     0.000000     0.000000     0.000000     0.000000     0.000000     0.000000     0.000000 
    0.000000     0.000000     0.000000     0.000000     0.000000     0.000000     0.000000     0.000000     0.000000     0.000000     0.000000     0.000000     0.000000     0.000000     0.000000     0.000000     0.000000     0.000000     0.000000     0.000000     0.000000     0.000000     0.000000     0.000000     0.000000     0.000000     0.000000     0.000000     0.000000     0.000000     0.000000     0.000000     0.000000     0.000000     0.000000     0.000024     0.000000     0.000000     0.000000     0.000000     0.000000     0.000000     0.000000     0.000000     0.000098     0.009704     0.000098     0.000000     0.000000     0.000000     0.000000     0.000000     0.000000     0.000024     0.009704     0.960693     0.009704     0.000024     0.000000     0.000000     0.000000     0.000000     0.000000     0.000000     0.000098     0.009704     0.000098     0.000000     0.000000     0.000000     0.000000     0.000000     0.000000     0.000000     0.000000     0.000024     0.000000     0.000000     0.000000     0.000000     0.000000     0.000000     0.000000     0.000000     0.000000     0.000000     0.000000     0.000000     0.000000     0.000000     0.000000     0.000000     0.000000     0.000000     0.000000     0.000000     0.000000     0.000000     0.000000     0.000000 
    0.000000     0.000000     0.000000     0.000000     0.000000     0.000000     0.000000     0.000000     0.000000     0.000000     0.000000     0.000000     0.000000     0.000000     0.000000     0.000000     0.000000     0.000000     0.000000     0.000000     0.000000     0.000000     0.000000     0.000000     0.000000     0.000002     0.000000     0.000000     0.000000     0.000000     0.000000     0.000000     0.000000     0.000000     0.000015     0.000359     0.000015     0.000000     0.000000     0.000000     0.000000     0.000000     0.000000     0.000015     0.001477     0.035443     0.001477     0.000015     0.000000     0.000000     0.000000     0.000000     0.000002     0.000359     0.035443     0.850757     0.035443     0.000359     0.000002     0.000000     0.000000     0.000000     0.000000     0.000015     0.001477     0.035443     0.001477     0.000015     0.000000     0.000000     0.000000     0.000000     0.000000     0.000000     0.000015     0.000359     0.000015     0.000000     0.000000     0.000000     0.000000     0.000000     0.000000     0.000000     0.000000     0.000002     0.000000     0.000000     0.000000     0.000000     0.000000     0.000000     0.000000     0.000000     0.000000     0.000000     0.000000     0.000000     0.000000     0.000000 
    0.000000     0.000000     0.000000     0.000000     0.000000     0.000000     0.000000     0.000000     0.000000     0.000000     0.000000     0.000000     0.000000     0.000000     0.000000     0.000000     0.000000     0.000000     0.000000     0.000000     0.000000     0.000000     0.000000     0.000000     0.000002     0.000016     0.000002     0.000000     0.000000     0.000000     0.000000     0.000000     0.000000     0.000004     0.000157     0.001586     0.000157     0.000004     0.000000     0.000000     0.000000     0.000000     0.000002     0.000157     0.006756     0.068368     0.006756     0.000157     0.000002     0.000000     0.000000     0.000000     0.000016     0.001586     0.068368     0.691813     0.068368     0.001586     0.000016     0.000000     0.000000     0.000000     0.000002     0.000157     0.006756     0.068368     0.006756     0.000157     0.000002     0.000000     0.000000     0.000000     0.000000     0.000004     0.000157     0.001586     0.000157     0.000004     0.000000     0.000000     0.000000     0.000000     0.000000     0.000000     0.000002     0.000016     0.000002     0.000000     0.000000     0.000000     0.000000     0.000000     0.000000     0.000000     0.000000     0.000000     0.000000     0.000000     0.000000     0.000000 
    0.000000     0.000000     0.000000     0.000000     0.000000     0.000000     0.000000     0.000000     0.000000     0.000000     0.000000     0.000000     0.000000     0.000000     0.000000     0.000001     0.000000     0.000000     0.000000     0.000000     0.000000     0.000000     0.000000     0.000001     0.000014     0.000075     0.000014     0.000001     0.000000     0.000000     0.000000     0.000000     0.000001     0.000033     0.000782     0.004117     0.000782     0.000033     0.000001     0.000000     0.000000     0.000000     0.000014     0.000782     0.018508     0.097435     0.018508     0.000782     0.000014     0.000000     0.000000     0.000001     0.000075     0.004117     0.097435     0.512946     0.097435     0.004117     0.000075     0.000001     0.000000     0.000000     0.000014     0.000782     0.018508     0.097435     0.018508     0.000782     0.000014     0.000000     0.000000     0.000000     0.000001     0.000033     0.000782     0.004117     0.000782     0.000033     0.000001     0.000000     0.000000     0.000000     0.000000     0.000001     0.000014     0.000075     0.000014     0.000001     0.000000     0.000000     0.000000     0.000000     0.000000     0.000000     0.000000     0.000001     0.000000     0.000000     0.000000     0.000000 
    0.000000     0.000000     0.000000     0.000000     0.000000     0.000000     0.000000     0.000000     0.000000     0.000000     0.000000     0.000000     0.000000     0.000000     0.000001     0.000004     0.000001     0.000000     0.000000     0.000000     0.000000     0.000000     0.000000     0.000005     0.000074     0.000224     0.000074     0.000005     0.000000     0.000000     0.000000     0.000000     0.000005     0.000174     0.002557     0.007731     0.002557     0.000174     0.000005     0.000000     0.000000     0.000001     0.000074     0.002557     0.037498     0.113384     0.037498     0.002557     0.000074     0.000001     0.000000     0.000004     0.000224     0.007731     0.113384     0.342842     0.113384     0.007731     0.000224     0.000004     0.000000     0.000001     0.000074     0.002557     0.037498     0.113384     0.037498     0.002557     0.000074     0.000001     0.000000     0.000000     0.000005     0.000174     0.002557     0.007731     0.002557     0.000174     0.000005     0.000000     0.000000     0.000000     0.000000     0.000005     0.000074     0.000224     0.000074     0.000005     0.000000     0.000000     0.000000     0.000000     0.000000     0.000000     0.000001     0.000004     0.000001     0.000000     0.000000     0.000000 
    0.000000     0.000000     0.000000     0.000000     0.000000     0.000000     0.000000     0.000000     0.000000     0.000000     0.000000     0.000000     0.000000     0.000001     0.000006     0.000011     0.000006     0.000001     0.000000     0.000000     0.000000     0.000000     0.000001     0.000027     0.000268     0.000487     0.000268     0.000027     0.000001     0.000000     0.000000     0.000001     0.000027     0.000645     0.006305     0.011437     0.006305     0.000645     0.000027     0.000001     0.000000     0.000006     0.000268     0.006305     0.061649     0.111835     0.061649     0.006305     0.000268     0.000006     0.000000     0.000011     0.000487     0.011437     0.111835     0.202877     0.111835     0.011437     0.000487     0.000012     0.000000     0.000006     0.000268     0.006305     0.061649     0.111835     0.061649     0.006305     0.000268     0.000006     0.000000     0.000001     0.000027     0.000645     0.006305     0.011437     0.006305     0.000645     0.000027     0.000001     0.000000     0.000000     0.000001     0.000027     0.000268     0.000487     0.000268     0.000027     0.000001     0.000000     0.000000     0.000000     0.000000     0.000001     0.000006     0.000012     0.000006     0.000001     0.000000     0.000000 
    0.000000     0.000000     0.000000     0.000000     0.000001     0.000001     0.000001     0.000000     0.000000     0.000000     0.000000     0.000000     0.000000     0.000004     0.000024     0.000026     0.000024     0.000004     0.000000     0.000000     0.000000     0.000000     0.000007     0.000110     0.000749     0.000819     0.000749     0.000110     0.000006     0.000000     0.000000     0.000004     0.000110     0.001849     0.012628     0.013816     0.012628     0.001849     0.000110     0.000004     0.000001     0.000024     0.000749     0.012628     0.086264     0.094375     0.086264     0.012629     0.000749     0.000025     0.000001     0.000026     0.000819     0.013816     0.094375     0.103250     0.094375     0.013816     0.000819     0.000027     0.000001     0.000024     0.000749     0.012628     0.086264     0.094375     0.086264     0.012629     0.000749     0.000025     0.000000     0.000004     0.000110     0.001849     0.012629     0.013816     0.012629     0.001849     0.000110     0.000004     0.000000     0.000000     0.000006     0.000110     0.000749     0.000819     0.000749     0.000110     0.000006     0.000000     0.000000     0.000000     0.000000     0.000004     0.000025     0.000027     0.000025     0.000004     0.000000     0.000000 
    0.000000     0.000000     0.000000     0.000000     0.000002     0.000001     0.000002     0.000000     0.000000     0.000000     0.000000     0.000000     0.000001     0.000015     0.000073     0.000047     0.000073     0.000015     0.000001     0.000000     0.000000     0.000001     0.000028     0.000347     0.001708     0.001091     0.001708     0.000347     0.000028     0.000001     0.000000     0.000015     0.000347     0.004360     0.021446     0.013695     0.021446     0.004360     0.000347     0.000016     0.000002     0.000073     0.001708     0.021446     0.105483     0.067357     0.105483     0.021447     0.001706     0.000076     0.000001     0.000047     0.001091     0.013695     0.067357     0.043011     0.067357     0.013695     0.001090     0.000049     0.000002     0.000073     0.001708     0.021446     0.105483     0.067357     0.105483     0.021447     0.001706     0.000076     0.000000     0.000015     0.000347     0.004360     0.021447     0.013695     0.021447     0.004361     0.000347     0.000016     0.000000     0.000001     0.000028     0.000347     0.001706     0.001090     0.001706     0.000347     0.000028     0.000001     0.000000     0.000000     0.000001     0.000016     0.000076     0.000049     0.000076     0.000016     0.000001     0.000000 
    0.000000     0.000000     0.000000     0.000002     0.000006     0.000002     0.000006     0.000002     0.000000     0.000000     0.000000     0.000000     0.000005     0.000050     0.000182     0.000062     0.000182     0.000050     0.000005     0.000000     0.000000     0.000005     0.000095     0.000915     0.003301     0.001128     0.003301     0.000915     0.000095     0.000006     0.000002     0.000050     0.000915     0.008784     0.031694     0.010834     0.031694     0.008785     0.000913     0.000053     0.000006     0.000182     0.003301     0.031694     0.114354     0.039088     0.114353     0.031696     0.003295     0.000192     0.000002     0.000062     0.001128     0.010834     0.039088     0.013361     0.039088     0.010834     0.001126     0.000066     0.000006     0.000182     0.003301     0.031694     0.114353     0.039088     0.114353     0.031696     0.003295     0.000192     0.000002     0.000050     0.000915     0.008785     0.031696     0.010834     0.031696     0.008785     0.000913     0.000053     0.000000     0.000005     0.000095     0.000913     0.003295     0.001126     0.003295     0.000913     0.000095     0.000006     0.000000     0.000000     0.000006     0.000053     0.000192     0.000066     0.000192     0.000053     0.000006     0.000000 
    0.000000     0.000000     0.000001     0.000006     0.000017     0.000003     0.000017     0.000006     0.000001     0.000000     0.000000     0.000001     0.000019     0.000144     0.000384     0.000058     0.000384     0.000144     0.000019     0.000001     0.000001     0.000019     0.000276     0.002070     0.005530     0.000833     0.005530     0.002070     0.000276     0.000021     0.000006     0.000144     0.002070     0.015498     0.041407     0.006240     0.041407     0.015500     0.002064     0.000154     0.000017     0.000384     0.005530     0.041407     0.110630     0.016673     0.110629     0.041413     0.005515     0.000412     0.000003     0.000058     0.000833     0.006240     0.016673     0.002513     0.016673     0.006241     0.000831     0.000062     0.000017     0.000384     0.005530     0.041407     0.110629     0.016673     0.110629     0.041412     0.005515     0.000412     0.000006     0.000144     0.002070     0.015500     0.041413     0.006241     0.041412     0.015502     0.002064     0.000154     0.000001     0.000019     0.000276     0.002064     0.005515     0.000831     0.005515     0.002064     0.000275     0.000021     0.000000     0.000001     0.000021     0.000154     0.000412     0.000062     0.000412     0.000154     0.000021     0.000002 
    0.000000     0.000000     0.000003     0.000020     0.000039     0.000002     0.000039     0.000020     0.000003     0.000000     0.000000     0.000005     0.000060     0.000354     0.000700     0.000028     0.000700     0.000354     0.000059     0.000006     0.000003     0.000060     0.000694     0.004113     0.008145     0.000321     0.008145     0.004114     0.000692     0.000065     0.000020     0.000354     0.004113     0.024358     0.048241     0.001901     0.048240     0.024364     0.004096     0.000386     0.000039     0.000700     0.008145     0.048241     0.095540     0.003765     0.095538     0.048252     0.008111     0.000764     0.000002     0.000028     0.000321     0.001901     0.003765     0.000148     0.003765     0.001901     0.000320     0.000030     0.000039     0.000700     0.008145     0.048240     0.095538     0.003765     0.095536     0.048251     0.008111     0.000764     0.000020     0.000354     0.004114     0.024364     0.048252     0.001901     0.048251     0.024370     0.004097     0.000386     0.000003     0.000059     0.000692     0.004096     0.008111     0.000320     0.008111     0.004097     0.000689     0.000065     0.000000     0.000006     0.000065     0.000386     0.000764     0.000030     0.000764     0.000386     0.000065     0.000006 
    0.000000     0.000001     0.000011     0.000053     0.000077     0.000000     0.000077     0.000053     0.000011     0.000001     0.000001     0.000017     0.000162     0.000766     0.001116     0.000000     0.001116     0.000766     0.000161     0.000019     0.000011     0.000162     0.001541     0.007291     0.010622     0.000000     0.010621     0.007294     0.001532     0.000180     0.000053     0.000766     0.007291     0.034500     0.050261     0.000001     0.050258     0.034515     0.007247     0.000851     0.000077     0.001116     0.010622     0.050261     0.073221     0.000002     0.073217     0.050282     0.010557     0.001239     0.000000     0.000000     0.000000     0.000001     0.000002     0.000000     0.000002     0.000001     0.000000     0.000000     0.000077     0.001116     0.010621     0.050258     0.073217     0.000002     0.073213     0.050280     0.010557     0.001239     0.000053     0.000766     0.007294     0.034515     0.050282     0.000001     0.050280     0.034530     0.007250     0.000851     0.000011     0.000161     0.001532     0.007247     0.010557     0.000000     0.010557     0.007250     0.001522     0.000179     0.000001     0.000019     0.000180     0.000851     0.001239     0.000000     0.001239     0.000851     0.000179     0.000021 
    0.000000     0.000004     0.000032     0.000123     0.000130     0.000005     0.000130     0.000124     0.000032     0.000005     0.000004     0.000049     0.000389     0.001481     0.001558     0.000066     0.001558     0.001482     0.000386     0.000056     0.000032     0.000389     0.003066     0.011665     0.012275     0.000519     0.012274     0.011674     0.003040     0.000441     0.000123     0.001481     0.011665     0.044375     0.046696     0.001974     0.046691     0.044408     0.011563     0.001678     0.000130     0.001558     0.012275     0.046696     0.049138     0.002077     0.049133     0.046730     0.012168     0.001766     0.000005     0.000066     0.000519     0.001974     0.002077     0.000088     0.002077     0.001975     0.000514     0.000075     0.000130     0.001558     0.012274     0.046691     0.049133     0.002077     0.049127     0.046725     0.012166     0.001766     0.000124     0.001482     0.011674     0.044408     0.046730     0.001975     0.046725     0.044441     0.011572     0.001680     0.000032     0.000386     0.003040     0.011563     0.012168     0.000514     0.012166     0.011572     0.003013     0.000437     0.000005     0.000056     0.000441     0.001678     0.001766     0.000075     0.001766     0.001680     0.000437     0.000063 
    0.000001     0.000013     0.000084     0.000259     0.000191     0.000039     0.000191     0.000259     0.000083     0.000015     0.000013     0.000128     0.000842     0.002582     0.001899     0.000387     0.001899     0.002585     0.000831     0.000148     0.000084     0.000842     0.005534     0.016974     0.012487     0.002547     0.012484     0.016995     0.005466     0.000976     0.000259     0.002582     0.016974     0.052065     0.038303     0.007812     0.038293     0.052130     0.016766     0.002993     0.000191     0.001899     0.012487     0.038303     0.028178     0.005747     0.028171     0.038351     0.012334     0.002202     0.000039     0.000387     0.002547     0.007812     0.005747     0.001172     0.005746     0.007822     0.002516     0.000449     0.000191     0.001899     0.012484     0.038293     0.028171     0.005746     0.028165     0.038342     0.012331     0.002201     0.000259     0.002585     0.016995     0.052130     0.038351     0.007822     0.038342     0.052196     0.016787     0.002997     0.000083     0.000831     0.005466     0.016766     0.012334     0.002516     0.012331     0.016787     0.005399     0.000964     0.000015     0.000148     0.000976     0.002993     0.002202     0.000449     0.002201     0.002997     0.000964     0.000172 
    0.000004     0.000036     0.000199     0.000491     0.000239     0.000140     0.000239     0.000492     0.000195     0.000043     0.000036     0.000299     0.001654     0.004088     0.001989     0.001170     0.001988     0.004097     0.001626     0.000356     0.000199     0.001654     0.009134     0.022581     0.010987     0.006463     0.010982     0.022628     0.008979     0.001966     0.000491     0.004088     0.022581     0.055825     0.027163     0.015977     0.027149     0.055941     0.022198     0.004861     0.000239     0.001989     0.010987     0.027163     0.013217     0.007774     0.013210     0.027219     0.010801     0.002365     0.000140     0.001170     0.006463     0.015977     0.007774     0.004573     0.007770     0.016010     0.006353     0.001391     0.000239     0.001988     0.010982     0.027149     0.013210     0.007770     0.013203     0.027205     0.010795     0.002364     0.000492     0.004097     0.022628     0.055941     0.027219     0.016010     0.027205     0.056058     0.022244     0.004871     0.000195     0.001626     0.008979     0.022198     0.010801     0.006353     0.010795     0.022244     0.008827     0.001933     0.000043     0.000356     0.001966     0.004861     0.002365     0.001391     0.002364     0.004871     0.001933     0.000423 
    0.000013     0.000091     0.000425     0.000844     0.000247     0.000370     0.000246     0.000847     0.000415     0.000111     0.000091     0.000638     0.002975     0.005904     0.001725     0.002589     0.001723     0.005925     0.002906     0.000780     0.000425     0.002975     0.013876     0.027538     0.008046     0.012075     0.008036     0.027631     0.013555     0.003638     0.000844     0.005904     0.027538     0.054651     0.015968     0.023963     0.015949     0.054837     0.026901     0.007220     0.000247     0.001725     0.008046     0.015968     0.004665     0.007002     0.004660     0.016022     0.007860     0.002110     0.000370     0.002589     0.012075     0.023963     0.007002     0.010507     0.006993     0.024045     0.011795     0.003166     0.000246     0.001723     0.008036     0.015949     0.004660     0.006993     0.004654     0.016003     0.007851     0.002107     0.000847     0.005925     0.027631     0.054837     0.016022     0.024045     0.016003     0.055024     0.026992     0.007245     0.000415     0.002906     0.013555     0.026901     0.007860     0.011795     0.007851     0.026992     0.013241     0.003554     0.000111     0.000780     0.003638     0.007220     0.002110     0.003166     0.002107     0.007245     0.003554     0.000954 
    0.000036     0.000212     0.000837     0.001322     0.000193     0.000795     0.000192     0.001329     0.000811     0.000267     0.000212     0.001248     0.004931     0.007793     0.001135     0.004687     0.001132     0.007836     0.004778     0.001575     0.000837     0.004931     0.019489     0.030796     0.004485     0.018522     0.004472     0.030965     0.018881     0.006223     0.001322     0.007793     0.030796     0.048664     0.007087     0.029269     0.007067     0.048932     0.029835     0.009834     0.000193     0.001135     0.004485     0.007087     0.001032     0.004263     0.001029     0.007126     0.004345     0.001432     0.000795     0.004687     0.018522     0.029269     0.004263     0.017604     0.004250     0.029430     0.017945     0.005915     0.000192     0.001132     0.004472     0.007067     0.001029     0.004250     0.001026     0.007106     0.004333     0.001428     0.001329     0.007836     0.030965     0.048932     0.007126     0.029430     0.007106     0.049201     0.030000     0.009888     0.000811     0.004778     0.018881     0.029835     0.004345     0.017945     0.004333     0.030000     0.018292     0.006029     0.000267     0.001575     0.006223     0.009834     0.001432     0.005915     0.001428     0.009888     0.006029     0.001987 
    0.000091     0.000453     0.001521     0.001888     0.000087     0.001465     0.000086     0.001905     0.001457     0.000592     0.000453     0.002255     0.007565     0.009392     0.000433     0.007285     0.000429     0.009475     0.007249     0.002947     0.001521     0.007565     0.025385     0.031513     0.001453     0.024445     0.001440     0.031792     0.024325     0.009887     0.001888     0.009392     0.031513     0.039120     0.001804     0.030346     0.001788     0.039467     0.030198     0.012274     0.000087     0.000433     0.001453     0.001804     0.000083     0.001399     0.000082     0.001819     0.001392     0.000566     0.001465     0.007285     0.024445     0.030346     0.001399     0.023540     0.001387     0.030615     0.023425     0.009521     0.000086     0.000429     0.001440     0.001788     0.000082     0.001387     0.000082     0.001804     0.001380     0.000561     0.001905     0.009475     0.031792     0.039467     0.001819     0.030615     0.001804     0.039816     0.030465     0.012383     0.001457     0.007249     0.024325     0.030198     0.001392     0.023425     0.001380     0.030465     0.023310     0.009474     0.000592     0.002947     0.009887     0.012274     0.000566     0.009521     0.000561     0.012383     0.009474     0.003851 
    0.000214     0.000900     0.002566     0.002451     0.000002     0.002371     0.000002     0.002486     0.002424     0.001223     0.000900     0.003779     0.010774     0.010293     0.000010     0.009956     0.000009     0.010440     0.010176     0.005136     0.002566     0.010774     0.030716     0.029345     0.000029     0.028385     0.000026     0.029764     0.029013     0.014643     0.002451     0.010293     0.029345     0.028034     0.000028     0.027117     0.000025     0.028435     0.027717     0.013989     0.000002     0.000010     0.000029     0.000028     0.000000     0.000027     0.000000     0.000028     0.000027     0.000014     0.002371     0.009956     0.028385     0.027117     0.000027     0.026230     0.000024     0.027505     0.026810     0.013532     0.000002     0.000009     0.000026     0.000025     0.000000     0.000024     0.000000     0.000025     0.000025     0.000012     0.002486     0.010440     0.029764     0.028435     0.000028     0.027505     0.000025     0.028841     0.028113     0.014189     0.002424     0.010176     0.029013     0.027717     0.000027     0.026810     0.000025     0.028113     0.027404     0.013831     0.001223     0.005136     0.014643     0.013989     0.000014     0.013532     0.000012     0.014189     0.013831     0.006981 
    0.000470     0.001665     0.004031     0.002872     0.000094     0.003417     0.000097     0.002939     0.003735     0.002365     0.001665     0.005896     0.014271     0.010170     0.000334     0.012100     0.000345     0.010407     0.013224     0.008373     0.004031     0.014271     0.034543     0.024617     0.000809     0.029287     0.000834     0.025191     0.032008     0.020266     0.002872     0.010170     0.024617     0.017543     0.000576     0.020872     0.000594     0.017952     0.022811     0.014443     0.000094     0.000334     0.000809     0.000576     0.000019     0.000686     0.000020     0.000590     0.000750     0.000475     0.003417     0.012100     0.029287     0.020872     0.000686     0.024831     0.000707     0.021358     0.027138     0.017183     0.000097     0.000345     0.000834     0.000594     0.000020     0.000707     0.000020     0.000608     0.000773     0.000489     0.002939     0.010407     0.025191     0.017952     0.000590     0.021358     0.000608     0.018371     0.023343     0.014780     0.003735     0.013224     0.032008     0.022811     0.000750     0.027138     0.000773     0.023343     0.029660     0.018780     0.002365     0.008373     0.020266     0.014443     0.000475     0.017183     0.000489     0.014780     0.018780     0.011890 
    0.000967     0.002881     0.005907     0.002993     0.000597     0.004403     0.000610     0.003110     0.005335     0.004298     0.002881     0.008581     0.017592     0.008916     0.001778     0.013114     0.001817     0.009262     0.015890     0.012802     0.005907     0.017592     0.036067     0.018279     0.003644     0.026887     0.003725     0.018989     0.032578     0.026246     0.002993     0.008916     0.018279     0.009264     0.001847     0.013626     0.001888     0.009624     0.016511     0.013302     0.000597     0.001778     0.003644     0.001847     0.000368     0.002717     0.000376     0.001919     0.003292     0.002652     0.004403     0.013114     0.026887     0.013626     0.002717     0.020043     0.002777     0.014156     0.024286     0.019565     0.000610     0.001817     0.003725     0.001888     0.000376     0.002777     0.000385     0.001961     0.003364     0.002710     0.003110     0.009262     0.018989     0.009624     0.001919     0.014156     0.001961     0.009998     0.017152     0.013818     0.005335     0.015890     0.032578     0.016511     0.003292     0.024286     0.003364     0.017152     0.029426     0.023707     0.004298     0.012802     0.026246     0.013302     0.002652     0.019565     0.002710     0.013818     0.023707     0.019099 
    0.001873     0.004674     0.008083     0.002697     0.001776     0.005056     0.001815     0.002879     0.007053     0.007372     0.004674     0.011663     0.020169     0.006730     0.004432     0.012617     0.004530     0.007184     0.017600     0.018396     0.008083     0.020169     0.034879     0.011639     0.007664     0.021820     0.007834     0.012423     0.030436     0.031814     0.002697     0.006730     0.011639     0.003884     0.002558     0.007281     0.002614     0.004145     0.010156     0.010616     0.001776     0.004432     0.007664     0.002558     0.001684     0.004795     0.001721     0.002730     0.006688     0.006991     0.005056     0.012617     0.021820     0.007281     0.004795     0.013650     0.004901     0.007772     0.019040     0.019902     0.001815     0.004530     0.007834     0.002614     0.001721     0.004901     0.001759     0.002790     0.006836     0.007145     0.002879     0.007184     0.012423     0.004145     0.002730     0.007772     0.002790     0.004425     0.010840     0.011331     0.007053     0.017600     0.030436     0.010156     0.006688     0.019040     0.006836     0.010840     0.026559     0.027761     0.007372     0.018396     0.031814     0.010616     0.006991     0.019902     0.007145     0.011331     0.027761     0.029018 
    0.003427     0.007123     0.010324     0.001980     0.003844     0.005110     0.003940     0.002230     0.008592     0.011968     0.007123     0.014805     0.021459     0.004116     0.007990     0.010622     0.008190     0.004635     0.017859     0.024876     0.010324     0.021459     0.031105     0.005966     0.011581     0.015397     0.011871     0.006719     0.025886     0.036057     0.001980     0.004116     0.005966     0.001144     0.002221     0.002953     0.002277     0.001289     0.004965     0.006916     0.003844     0.007990     0.011581     0.002221     0.004312     0.005733     0.004420     0.002502     0.009638     0.013424     0.005110     0.010622     0.015397     0.002953     0.005733     0.007622     0.005876     0.003326     0.012814     0.017848     0.003940     0.008190     0.011871     0.002277     0.004420     0.005876     0.004531     0.002564     0.009880     0.013761     0.002230     0.004635     0.006719     0.001289     0.002502     0.003326     0.002564     0.001451     0.005592     0.007789     0.008592     0.017859     0.025886     0.004965     0.009638     0.012814     0.009880     0.005592     0.021544     0.030008     0.011968     0.024876     0.036057     0.006916     0.013424     0.017848     0.013761     0.007789     0.030008     0.041797 
    0.005941     0.010206     0.012286     0.001021     0.006846     0.004419     0.007055     0.001305     0.009567     0.018431     0.010206     0.017533     0.021106     0.001753     0.011761     0.007592     0.012119     0.002242     0.016435     0.031664     0.012286     0.021106     0.025407     0.002111     0.014158     0.009139     0.014589     0.002699     0.019784     0.038117     0.001021     0.001753     0.002111     0.000175     0.001176     0.000759     0.001212     0.000224     0.001644     0.003167     0.006846     0.011761     0.014158     0.001176     0.007890     0.005093     0.008130     0.001504     0.011025     0.021240     0.004419     0.007592     0.009139     0.000759     0.005093     0.003288     0.005248     0.000971     0.007117     0.013711     0.007055     0.012119     0.014589     0.001212     0.008130     0.005248     0.008377     0.001550     0.011360     0.021887     0.001305     0.002242     0.002699     0.000224     0.001504     0.000971     0.001550     0.000287     0.002102     0.004049     0.009567     0.016435     0.019784     0.001644     0.011025     0.007117     0.011360     0.002102     0.015406     0.029681     0.018431     0.031664     0.038117     0.003167     0.021240     0.013711     0.021887     0.004049     0.029681     0.057184 
    0.009785     0.013750     0.013569     0.000202     0.010570     0.003071     0.010977     0.000418     0.009596     0.026983     0.013750     0.019322     0.019067     0.000284     0.014852     0.004316     0.015424     0.000587     0.013484     0.037917     0.013569     0.019067     0.018816     0.000280     0.014657     0.004259     0.015221     0.000579     0.013306     0.037417     0.000202     0.000284     0.000280     0.000004     0.000218     0.000063     0.000226     0.000009     0.000198     0.000557     0.010570     0.014852     0.014657     0.000218     0.011417     0.003317     0.011857     0.000451     0.010365     0.029146     0.003071     0.004316     0.004259     0.000063     0.003317     0.000964     0.003445     0.000131     0.003012     0.008469     0.010977     0.015424     0.015221     0.000226     0.011857     0.003445     0.012313     0.000468     0.010764     0.030269     0.000418     0.000587     0.000579     0.000009     0.000451     0.000131     0.000468     0.000018     0.000409     0.001151     0.009596     0.013484     0.013306     0.000198     0.010365     0.003012     0.010764     0.000409     0.009410     0.026460     0.026983     0.037917     0.037417     0.000557     0.029146     0.008469     0.030269     0.001151     0.026460     0.074408 
    0.015345     0.017400     0.013818     0.000069     0.014505     0.001454     0.015235     0.000000     0.008443     0.037607     0.017400     0.019730     0.015668     0.000079     0.016447     0.001649     0.017275     0.000001     0.009574     0.042642     0.013818     0.015668     0.012442     0.000062     0.013061     0.001309     0.013718     0.000000     0.007602     0.033863     0.000069     0.000079     0.000062     0.000000     0.000066     0.000007     0.000069     0.000000     0.000038     0.000170     0.014505     0.016447     0.013061     0.000066     0.013711     0.001374     0.014400     0.000000     0.007981     0.035548     0.001454     0.001649     0.001309     0.000007     0.001374     0.000138     0.001443     0.000000     0.000800     0.003563     0.015235     0.017275     0.013718     0.000069     0.014400     0.001443     0.015125     0.000000     0.008382     0.037335     0.000000     0.000001     0.000000     0.000000     0.000000     0.000000     0.000000     0.000000     0.000000     0.000001     0.008443     0.009574     0.007602     0.000038     0.007981     0.000800     0.008382     0.000000     0.004645     0.020691     0.037607     0.042642     0.033863     0.000170     0.035548     0.003563     0.037335     0.000001     0.020691     0.092163 
    0.022949     0.020629     0.012832     0.001210     0.017911     0.000225     0.019119     0.000486     0.006180     0.049948     0.020629     0.018544     0.011535     0.001088     0.016101     0.000202     0.017187     0.000437     0.005555     0.044899     0.012832     0.011535     0.007175     0.000677     0.010015     0.000126     0.010690     0.000272     0.003456     0.027927     0.001210     0.001088     0.000677     0.000064     0.000945     0.000012     0.001008     0.000026     0.000326     0.002634     0.017911     0.016101     0.010015     0.000945     0.013979     0.000175     0.014922     0.000380     0.004823     0.038983     0.000225     0.000202     0.000126     0.000012     0.000175     0.000002     0.000187     0.000005     0.000061     0.000489     0.019119     0.017187     0.010690     0.001008     0.014922     0.000187     0.015928     0.000405     0.005149     0.041612     0.000486     0.000437     0.000272     0.000026     0.000380     0.000005     0.000405     0.000010     0.000131     0.001058     0.006180     0.005555     0.003456     0.000326     0.004823     0.000061     0.005149     0.000131     0.001664     0.013451     0.049948     0.044899     0.027927     0.002634     0.038983     0.000489     0.041612     0.001058     0.013451     0.108709 
    0.032776     0.022816     0.010668     0.004075     0.019980     0.000170     0.021837     0.002143     0.003315     0.063261     0.022816     0.015883     0.007426     0.002837     0.013909     0.000118     0.015201     0.001492     0.002308     0.044038     0.010668     0.007426     0.003472     0.001326     0.006503     0.000055     0.007107     0.000698     0.001079     0.020590     0.004075     0.002837     0.001326     0.000507     0.002484     0.000021     0.002715     0.000266     0.000412     0.007865     0.019980     0.013909     0.006503     0.002484     0.012180     0.000103     0.013312     0.001307     0.002021     0.038564     0.000170     0.000118     0.000055     0.000021     0.000103     0.000001     0.000113     0.000011     0.000017     0.000328     0.021837     0.015201     0.007107     0.002715     0.013312     0.000113     0.014548     0.001428     0.002209     0.042147     0.002143     0.001492     0.000698     0.000266     0.001307     0.000011     0.001428     0.000140     0.000217     0.004137     0.003315     0.002308     0.001079     0.000412     0.002021     0.000017     0.002209     0.000217     0.000335     0.006399     0.063261     0.044038     0.020590     0.007865     0.038564     0.000328     0.042147     0.004137     0.006399     0.122102 
    0.044748     0.023373     0.007680     0.008789     0.020074     0.001973     0.022724     0.004925     0.000826     0.076423     0.023373     0.012208     0.004012     0.004591     0.010485     0.001031     0.011869     0.002573     0.000432     0.039918     0.007680     0.004012     0.001318     0.001508     0.003446     0.000339     0.003900     0.000845     0.000142     0.013117     0.008789     0.004591     0.001508     0.001726     0.003943     0.000388     0.004463     0.000967     0.000162     0.015010     0.020074     0.010485     0.003446     0.003943     0.009006     0.000885     0.010194     0.002210     0.000371     0.034285     0.001973     0.001031     0.000339     0.000388     0.000885     0.000087     0.001002     0.000217     0.000036     0.003370     0.022724     0.011869     0.003900     0.004463     0.010194     0.001002     0.011540     0.002501     0.000420     0.038810     0.004925     0.002573     0.000845     0.000967     0.002210     0.000217     0.002501     0.000542     0.000091     0.008412     0.000826     0.000432     0.000142     0.000162     0.000371     0.000036     0.000420     0.000091     0.000015     0.001411     0.076423     0.039918     0.013117     0.015010     0.034285     0.003370     0.038810     0.008412     0.001411     0.130521 
    0.058443     0.021923     0.004476     0.015024     0.017963     0.005964     0.021466     0.008397     0.000053     0.088041     0.021923     0.008224     0.001679     0.005636     0.006738     0.002237     0.008052     0.003150     0.000020     0.033026     0.004476     0.001679     0.000343     0.001151     0.001376     0.000457     0.001644     0.000643     0.000004     0.006743     0.015024     0.005636     0.001151     0.003862     0.004618     0.001533     0.005518     0.002159     0.000014     0.022633     0.017963     0.006738     0.001376     0.004618     0.005521     0.001833     0.006598     0.002581     0.000016     0.027060     0.005964     0.002237     0.000457     0.001533     0.001833     0.000609     0.002190     0.000857     0.000005     0.008984     0.021466     0.008052     0.001644     0.005518     0.006598     0.002190     0.007884     0.003084     0.000020     0.032337     0.008397     0.003150     0.000643     0.002159     0.002581     0.000857     0.003084     0.001206     0.000008     0.012650     0.000053     0.000020     0.000004     0.000014     0.000016     0.000005     0.000020     0.000008     0.000000     0.000080     0.088041     0.033026     0.006743     0.022633     0.027060     0.008984     0.032337     0.012650     0.000080     0.132631 
    0.073046     0.018465     0.001776     0.021986     0.013970     0.011928     0.018227     0.011789     0.002430     0.096653     0.018465     0.004668     0.000449     0.005558     0.003531     0.003015     0.004608     0.002980     0.000614     0.024432     0.001776     0.000449     0.000043     0.000535     0.000340     0.000290     0.000443     0.000287     0.000059     0.002350     0.021986     0.005558     0.000535     0.006618     0.004205     0.003590     0.005486     0.003548     0.000731     0.029091     0.013970     0.003531     0.000340     0.004205     0.002672     0.002281     0.003486     0.002255     0.000465     0.018485     0.011928     0.003015     0.000290     0.003590     0.002281     0.001948     0.002976     0.001925     0.000397     0.015783     0.018227     0.004608     0.000443     0.005486     0.003486     0.002976     0.004548     0.002942     0.000606     0.024118     0.011789     0.002980     0.000287     0.003548     0.002255     0.001925     0.002942     0.001903     0.000392     0.015598     0.002430     0.000614     0.000059     0.000731     0.000465     0.000397     0.000606     0.000392     0.000081     0.003216     0.096653     0.024432     0.002350     0.029091     0.018485     0.015783     0.024118     0.015598     0.003216     0.127888 
    0.087377     0.013482     0.000221     0.028545     0.008968     0.019069     0.013652     0.014191     0.009106     0.100984     0.013482     0.002080     0.000034     0.004405     0.001384     0.002942     0.002107     0.002190     0.001405     0.015582     0.000221     0.000034     0.000001     0.000072     0.000023     0.000048     0.000035     0.000036     0.000023     0.000256     0.028545     0.004405     0.000072     0.009325     0.002930     0.006230     0.004460     0.004636     0.002975     0.032990     0.008968     0.001384     0.000023     0.002930     0.000920     0.001957     0.001401     0.001456     0.000935     0.010364     0.019069     0.002942     0.000048     0.006230     0.001957     0.004162     0.002979     0.003097     0.001987     0.022039     0.013652     0.002107     0.000035     0.004460     0.001401     0.002979     0.002133     0.002217     0.001423     0.015778     0.014191     0.002190     0.000036     0.004636     0.001456     0.003097     0.002217     0.002305     0.001479     0.016400     0.009106     0.001405     0.000023     0.002975     0.000935     0.001987     0.001423     0.001479     0.000949     0.010525     0.100984     0.015582     0.000256     0.032990     0.010364     0.022039     0.015778     0.016400     0.010525     0.116709 
    0.100001     0.007934     0.000170     0.033491     0.004190     0.026149     0.008698     0.014840     0.020539     0.100217     0.007934     0.000629     0.000013     0.002657     0.000332     0.002075     0.000690     0.001177     0.001629     0.007951     0.000170     0.000013     0.000000     0.000057     0.000007     0.000044     0.000015     0.000025     0.000035     0.000170     0.033491     0.002657     0.000057     0.011216     0.001403     0.008757     0.002913     0.004970     0.006879     0.033563     0.004190     0.000332     0.000007     0.001403     0.000176     0.001096     0.000364     0.000622     0.000861     0.004199     0.026149     0.002075     0.000044     0.008757     0.001096     0.006838     0.002274     0.003881     0.005371     0.026206     0.008698     0.000690     0.000015     0.002913     0.000364     0.002274     0.000757     0.001291     0.001786     0.008717     0.014840     0.001177     0.000025     0.004970     0.000622     0.003881     0.001291     0.002202     0.003048     0.014872     0.020539     0.001629     0.000035     0.006879     0.000861     0.005371     0.001786     0.003048     0.004218     0.020583     0.100217     0.007951     0.000170     0.033563     0.004199     0.026206     0.008717     0.014872     0.020583     0.100434 
    0.109429     0.003101     0.001567     0.035845     0.000905     0.031789     0.004365     0.013412     0.036188     0.094200     0.003101     0.000088     0.000044     0.001016     0.000026     0.000901     0.000124     0.000380     0.001025     0.002669     0.001567     0.000044     0.000022     0.000513     0.000013     0.000455     0.000063     0.000192     0.000518     0.001349     0.035845     0.001016     0.000513     0.011741     0.000297     0.010413     0.001430     0.004393     0.011854     0.030856     0.000905     0.000026     0.000013     0.000297     0.000007     0.000263     0.000036     0.000111     0.000299     0.000779     0.031789     0.000901     0.000455     0.010413     0.000263     0.009235     0.001268     0.003896     0.010513     0.027365     0.004365     0.000124     0.000063     0.001430     0.000036     0.001268     0.000174     0.000535     0.001443     0.003757     0.013412     0.000380     0.000192     0.004393     0.000111     0.003896     0.000535     0.001644     0.004435     0.011545     0.036188     0.001025     0.000518     0.011854     0.000299     0.010513     0.001443     0.004435     0.011967     0.031152     0.094200     0.002669     0.001349     0.030856     0.000779     0.027365     0.003757     0.011545     0.031152     0.081091 
    0.114366     0.000305     0.003935     0.035129     0.000049     0.034838     0.001401     0.010198     0.054431     0.083528     0.000305     0.000001     0.000010     0.000094     0.000000     0.000093     0.000004     0.000027     0.000145     0.000223     0.003935     0.000010     0.000135     0.001209     0.000002     0.001199     0.000048     0.000351     0.001873     0.002874     0.035129     0.000094     0.001209     0.010791     0.000015     0.010701     0.000430     0.003132     0.016719     0.025657     0.000049     0.000000     0.000002     0.000015     0.000000     0.000015     0.000001     0.000004     0.000023     0.000035     0.034838     0.000093     0.001199     0.010701     0.000015     0.010613     0.000427     0.003106     0.016581     0.025444     0.001401     0.000004     0.000048     0.000430     0.000001     0.000427     0.000017     0.000125     0.000667     0.001024     0.010198     0.000027     0.000351     0.003132     0.000004     0.003106     0.000125     0.000909     0.004854     0.007448     0.054431     0.000145     0.001873     0.016719     0.000023     0.016581     0.000667     0.004854     0.025906     0.039754     0.083528     0.000223     0.002874     0.025657     0.000035     0.025444     0.001024     0.007448     0.039754     0.061005 
    0.113972     0.000555     0.006507     0.031508     0.001931     0.034697     0.000094     0.006092     0.072767     0.069474     0.000555     0.000003     0.000032     0.000154     0.000009     0.000169     0.000000     0.000030     0.000355     0.000339     0.006507     0.000032     0.000372     0.001799     0.000110     0.001981     0.000005     0.000348     0.004154     0.003966     0.031508     0.000154     0.001799     0.008710     0.000534     0.009592     0.000026     0.001684     0.020116     0.019206     0.001931     0.000009     0.000110     0.000534     0.000033     0.000588     0.000002     0.000103     0.001233     0.001177     0.034697     0.000169     0.001981     0.009592     0.000588     0.010563     0.000029     0.001855     0.022153     0.021151     0.000094     0.000000     0.000005     0.000026     0.000002     0.000029     0.000000     0.000005     0.000060     0.000057     0.006092     0.000030     0.000348     0.001684     0.000103     0.001855     0.000005     0.000326     0.003889     0.003713     0.072767     0.000355     0.004154     0.020116     0.001233     0.022153     0.000060     0.003889     0.046458     0.044356     0.069474     0.000339     0.003966     0.019206     0.001177     0.021151     0.000057     0.003713     0.044356     0.042350 
    0.108060     0.004227     0.008466     0.025737     0.006129     0.031476     0.000221     0.002353     0.088287     0.053768     0.004227     0.000165     0.000331     0.001007     0.000240     0.001231     0.000009     0.000092     0.003453     0.002103     0.008466     0.000331     0.000663     0.002016     0.000480     0.002466     0.000017     0.000184     0.006917     0.004213     0.025737     0.001007     0.002016     0.006130     0.001460     0.007497     0.000053     0.000561     0.021028     0.012806     0.006129     0.000240     0.000480     0.001460     0.000348     0.001785     0.000013     0.000133     0.005008     0.003050     0.031476     0.001231     0.002466     0.007497     0.001785     0.009169     0.000064     0.000686     0.025717     0.015662     0.000221     0.000009     0.000017     0.000053     0.000013     0.000064     0.000000     0.000005     0.000180     0.000110     0.002353     0.000092     0.000184     0.000561     0.000133     0.000686     0.000005     0.000051     0.001923     0.001171     0.088287     0.003453     0.006917     0.021028     0.005008     0.025717     0.000180     0.001923     0.072132     0.043930     0.053768     0.002103     0.004213     0.012806     0.003050     0.015662     0.000110     0.001171     0.043930     0.026754 
    0.097182     0.010871     0.009206     0.018956     0.011600     0.025944     0.001178     0.000212     0.098327     0.038264     0.010871     0.001216     0.001030     0.002120     0.001298     0.002902     0.000132     0.000024     0.010999     0.004280     0.009206     0.001030     0.000872     0.001796     0.001099     0.002458     0.000112     0.000020     0.009315     0.003625     0.018956     0.002120     0.001796     0.003697     0.002263     0.005061     0.000230     0.000041     0.019179     0.007463     0.011600     0.001298     0.001099     0.002263     0.001385     0.003097     0.000141     0.000025     0.011736     0.004567     0.025944     0.002902     0.002458     0.005061     0.003097     0.006926     0.000315     0.000057     0.026250     0.010215     0.001178     0.000132     0.000112     0.000230     0.000141     0.000315     0.000014     0.000003     0.001192     0.000464     0.000212     0.000024     0.000020     0.000041     0.000025     0.000057     0.000003     0.000000     0.000215     0.000084     0.098327     0.010999     0.009315     0.019179     0.011736     0.026250     0.001192     0.000215     0.099486     0.038715     0.038264     0.004280     0.003625     0.007463     0.004567     0.010215     0.000464     0.000084     0.038715     0.015066 
    0.082564     0.019248     0.008530     0.012364     0.016979     0.019284     0.002241     0.000444     0.101102     0.024584     0.019248     0.004487     0.001989     0.002882     0.003958     0.004496     0.000522     0.000104     0.023570     0.005731     0.008530     0.001989     0.000881     0.001277     0.001754     0.001992     0.000231     0.000046     0.010445     0.002540     0.012364     0.002882     0.001277     0.001851     0.002542     0.002888     0.000336     0.000067     0.015140     0.003681     0.016979     0.003958     0.001754     0.002542     0.003492     0.003966     0.000461     0.000091     0.020791     0.005056     0.019284     0.004496     0.001992     0.002888     0.003966     0.004504     0.000523     0.000104     0.023614     0.005742     0.002241     0.000522     0.000231     0.000336     0.000461     0.000523     0.000061     0.000012     0.002744     0.000667     0.000444     0.000104     0.000046     0.000067     0.000091     0.000104     0.000012     0.000002     0.000544     0.000132     0.101102     0.023570     0.010445     0.015140     0.020791     0.023614     0.002744     0.000544     0.123802     0.030104     0.024584     0.005731     0.002540     0.003681     0.005056     0.005742     0.000667     0.000132     0.030104     0.007320 
    0.065905     0.027585     0.006699     0.006916     0.020974     0.012743     0.002833     0.003075     0.096157     0.013834     0.027585     0.011546     0.002804     0.002895     0.008779     0.005334     0.001186     0.001287     0.040247     0.005790     0.006699     0.002804     0.000681     0.000703     0.002132     0.001295     0.000288     0.000313     0.009774     0.001406     0.006916     0.002895     0.000703     0.000726     0.002201     0.001337     0.000297     0.000323     0.010091     0.001452     0.020974     0.008779     0.002132     0.002201     0.006675     0.004055     0.000901     0.000979     0.030601     0.004403     0.012743     0.005334     0.001295     0.001337     0.004055     0.002464     0.000548     0.000595     0.018592     0.002675     0.002833     0.001186     0.000288     0.000297     0.000901     0.000548     0.000122     0.000132     0.004133     0.000595     0.003075     0.001287     0.000313     0.000323     0.000979     0.000595     0.000132     0.000143     0.004486     0.000645     0.096157     0.040247     0.009774     0.010091     0.030601     0.018592     0.004133     0.004486     0.140295     0.020184     0.013834     0.005790     0.001406     0.001452     0.004403     0.002675     0.000595     0.000645     0.020184     0.002904 
    0.049065     0.034015     0.004320     0.003116     0.022714     0.007300     0.002716     0.007331     0.084487     0.006443     0.034015     0.023581     0.002995     0.002160     0.015747     0.005061     0.001883     0.005082     0.058571     0.004466     0.004320     0.002995     0.000380     0.000274     0.002000     0.000643     0.000239     0.000645     0.007439     0.000567     0.003116     0.002160     0.000274     0.000198     0.001443     0.000464     0.000172     0.000466     0.005366     0.000409     0.022714     0.015747     0.002000     0.001443     0.010516     0.003379     0.001257     0.003394     0.039113     0.002983     0.007300     0.005061     0.000643     0.000464     0.003379     0.001086     0.000404     0.001091     0.012570     0.000959     0.002716     0.001883     0.000239     0.000172     0.001257     0.000404     0.000150     0.000406     0.004677     0.000357     0.007331     0.005082     0.000645     0.000466     0.003394     0.001091     0.000406     0.001095     0.012623     0.000963     0.084487     0.058571     0.007439     0.005366     0.039113     0.012570     0.004677     0.012623     0.145482     0.011094     0.006443     0.004466     0.000567     0.000409     0.002983     0.000959     0.000357     0.000963     0.011094     0.000846 
    0.033721     0.037070     0.002106     0.000974     0.021952     0.003461     0.002019     0.011873     0.068273     0.002184     0.037070     0.040751     0.002315     0.001070     0.024132     0.003805     0.002220     0.013052     0.075053     0.002401     0.002106     0.002315     0.000132     0.000061     0.001371     0.000216     0.000126     0.000742     0.004264     0.000136     0.000974     0.001070     0.000061     0.000028     0.000634     0.000100     0.000058     0.000343     0.001971     0.000063     0.021952     0.024132     0.001371     0.000634     0.014291     0.002253     0.001315     0.007729     0.044445     0.001422     0.003461     0.003805     0.000216     0.000100     0.002253     0.000355     0.000207     0.001219     0.007007     0.000224     0.002019     0.002220     0.000126     0.000058     0.001315     0.000207     0.000121     0.000711     0.004089     0.000131     0.011873     0.013052     0.000742     0.000343     0.007729     0.001219     0.000711     0.004180     0.024038     0.000769     0.068273     0.075053     0.004264     0.001971     0.044445     0.007007     0.004089     0.024038     0.138228     0.004423     0.002184     0.002401     0.000136     0.000063     0.001422     0.000224     0.000131     0.000769     0.004423     0.000141 
    0.021085     0.036082     0.000608     0.000119     0.019057     0.001232     0.001109     0.015244     0.050322     0.000349     0.036082     0.061746     0.001040     0.000204     0.032611     0.002108     0.001898     0.026087     0.086114     0.000597     0.000608     0.001040     0.000018     0.000003     0.000549     0.000035     0.000032     0.000439     0.001450     0.000010     0.000119     0.000204     0.000003     0.000001     0.000108     0.000007     0.000006     0.000086     0.000285     0.000002     0.019057     0.032611     0.000549     0.000108     0.017224     0.001113     0.001002     0.013778     0.045481     0.000316     0.001232     0.002108     0.000035     0.000007     0.001113     0.000072     0.000065     0.000891     0.002940     0.000020     0.001109     0.001898     0.000032     0.000006     0.001002     0.000065     0.000058     0.000802     0.002647     0.000018     0.015244     0.026087     0.000439     0.000086     0.013778     0.000891     0.000802     0.011022     0.036383     0.000252     0.050322     0.086114     0.001450     0.000285     0.045481     0.002940     0.002647     0.036383     0.120098     0.000833     0.000349     0.000597     0.000010     0.000002     0.000316     0.000020     0.000018     0.000252     0.000833     0.000006 
    0.011737     0.031359     0.000020     0.000016     0.014836     0.000250     0.000373     0.016368     0.033372     0.000007     0.031359     0.083783     0.000053     0.000042     0.039638     0.000667     0.000997     0.043732     0.089162     0.000020     0.000020     0.000053     0.000000     0.000000     0.000025     0.000000     0.000001     0.000028     0.000057     0.000000     0.000016     0.000042     0.000000     0.000000     0.000020     0.000000     0.000000     0.000022     0.000044     0.000000     0.014836     0.039638     0.000025     0.000020     0.018753     0.000316     0.000472     0.020690     0.042183     0.000009     0.000250     0.000667     0.000000     0.000000     0.000316     0.000005     0.000008     0.000348     0.000710     0.000000     0.000373     0.000997     0.000001     0.000000     0.000472     0.000008     0.000012     0.000520     0.001061     0.000000     0.016368     0.043732     0.000028     0.000022     0.020690     0.000348     0.000520     0.022826     0.046539     0.000010     0.033372     0.089162     0.000057     0.000044     0.042183     0.000710     0.001061     0.046539     0.094886     0.000021     0.000007     0.000020     0.000000     0.000000     0.000009     0.000000     0.000000     0.000010     0.000021     0.000000 
    0.005622     0.024077     0.000150     0.000169     0.010250     0.000004     0.000029     0.014915     0.019477     0.000284     0.024077     0.103117     0.000644     0.000726     0.043901     0.000016     0.000123     0.063881     0.083416     0.001218     0.000150     0.000644     0.000004     0.000005     0.000274     0.000000     0.000001     0.000399     0.000521     0.000008     0.000169     0.000726     0.000005     0.000005     0.000309     0.000000     0.000001     0.000450     0.000587     0.000009     0.010250     0.043901     0.000274     0.000309     0.018690     0.000007     0.000053     0.027197     0.035514     0.000518     0.000004     0.000016     0.000000     0.000000     0.000007     0.000000     0.000000     0.000010     0.000013     0.000000     0.000029     0.000123     0.000001     0.000001     0.000053     0.000000     0.000000     0.000076     0.000100     0.000001     0.014915     0.063881     0.000399     0.000450     0.027197     0.000010     0.000076     0.039574     0.051676     0.000754     0.019477     0.083416     0.000521     0.000587     0.035514     0.000013     0.000100     0.051676     0.067480     0.000985     0.000284     0.001218     0.000008     0.000009     0.000518     0.000000     0.000001     0.000754     0.000985     0.000014 
    0.002185     0.015919     0.000552     0.000274     0.006137     0.000040     0.000038     0.011403     0.009634     0.000564     0.015919     0.115965     0.004021     0.001996     0.044704     0.000293     0.000279     0.083069     0.070182     0.004109     0.000552     0.004021     0.000139     0.000069     0.001550     0.000010     0.000010     0.002880     0.002433     0.000142     0.000274     0.001996     0.000069     0.000034     0.000770     0.000005     0.000005     0.001430     0.001208     0.000071     0.006137     0.044704     0.001550     0.000770     0.017233     0.000113     0.000108     0.032023     0.027055     0.001584     0.000040     0.000293     0.000010     0.000005     0.000113     0.000001     0.000001     0.000210     0.000177     0.000010     0.000038     0.000279     0.000010     0.000005     0.000108     0.000001     0.000001     0.000200     0.000169     0.000010     0.011403     0.083069     0.002880     0.001430     0.032023     0.000210     0.000200     0.059505     0.050274     0.002943     0.009634     0.070182     0.002433     0.001208     0.027055     0.000177     0.000169     0.050274     0.042475     0.002486     0.000564     0.004109     0.000142     0.000071     0.001584     0.000010     0.000010     0.002943     0.002486     0.000146 
    0.000616     0.008580     0.000770     0.000238     0.003023     0.000087     0.000177     0.006984     0.003765     0.000574     0.008580     0.119560     0.010728     0.003318     0.042124     0.001217     0.002466     0.097326     0.052459     0.007997     0.000770     0.010728     0.000963     0.000298     0.003780     0.000109     0.000221     0.008733     0.004707     0.000718     0.000238     0.003318     0.000298     0.000092     0.001169     0.000034     0.000068     0.002701     0.001456     0.000222     0.003023     0.042124     0.003780     0.001169     0.014842     0.000429     0.000869     0.034291     0.018483     0.002818     0.000087     0.001217     0.000109     0.000034     0.000429     0.000012     0.000025     0.000990     0.000534     0.000081     0.000177     0.002466     0.000221     0.000068     0.000869     0.000025     0.000051     0.002008     0.001082     0.000165     0.006984     0.097326     0.008733     0.002701     0.034291     0.000990     0.002008     0.079226     0.042703     0.006510     0.003765     0.052459     0.004707     0.001456     0.018483     0.000534     0.001082     0.042703     0.023017     0.003509     0.000574     0.007997     0.000718     0.000222     0.002818     0.000081     0.000165     0.006510     0.003509     0.000535 
    0.000096     0.003296     0.000589     0.000121     0.001077     0.000066     0.000209     0.003015     0.000992     0.000345     0.003296     0.112998     0.020203     0.004138     0.036916     0.002254     0.007160     0.103352     0.034015     0.011819     0.000589     0.020203     0.003612     0.000740     0.006600     0.000403     0.001280     0.018478     0.006081     0.002113     0.000121     0.004138     0.000740     0.000152     0.001352     0.000083     0.000262     0.003785     0.001246     0.000433     0.001077     0.036916     0.006600     0.001352     0.012060     0.000736     0.002339     0.033765     0.011113     0.003861     0.000066     0.002254     0.000403     0.000083     0.000736     0.000045     0.000143     0.002062     0.000679     0.000236     0.000209     0.007160     0.001280     0.000262     0.002339     0.000143     0.000454     0.006549     0.002155     0.000749     0.003015     0.103352     0.018478     0.003785     0.033765     0.002062     0.006549     0.094529     0.031111     0.010810     0.000992     0.034015     0.006081     0.001246     0.011113     0.000679     0.002155     0.031111     0.010239     0.003558     0.000345     0.011819     0.002113     0.000433     0.003861     0.000236     0.000749     0.010810     0.003558     0.001236 
    0.000003     0.000551     0.000173     0.000023     0.000171     0.000016     0.000078     0.000562     0.000103     0.000082     0.000551     0.097553     0.030711     0.004141     0.030217     0.002890     0.013905     0.099595     0.018263     0.014510     0.000173     0.030711     0.009668     0.001303     0.009512     0.000910     0.004377     0.031353     0.005749     0.004568     0.000023     0.004141     0.001303     0.000176     0.001283     0.000123     0.000590     0.004227     0.000775     0.000616     0.000171     0.030217     0.009512     0.001283     0.009359     0.000895     0.004307     0.030849     0.005657     0.004494     0.000016     0.002890     0.000910     0.000123     0.000895     0.000086     0.000412     0.002951     0.000541     0.000430     0.000078     0.013905     0.004377     0.000590     0.004307     0.000412     0.001982     0.014196     0.002603     0.002068     0.000562     0.099595     0.031353     0.004227     0.030849     0.002951     0.014196     0.101680     0.018645     0.014814     0.000103     0.018263     0.005749     0.000775     0.005657     0.000541     0.002603     0.018645     0.003419     0.002716     0.000082     0.014510     0.004568     0.000616     0.004494     0.000430     0.002068     0.014814     0.002716     0.002158 
    0.000000     0.000042     0.000022     0.000002     0.000013     0.000002     0.000012     0.000048     0.000004     0.000008     0.000042     0.076347     0.039742     0.003374     0.023191     0.002865     0.021255     0.086811     0.007323     0.015361     0.000022     0.039742     0.020687     0.001756     0.012072     0.001491     0.011064     0.045188     0.003812     0.007996     0.000002     0.003374     0.001756     0.000149     0.001025     0.000127     0.000939     0.003836     0.000324     0.000679     0.000013     0.023191     0.012072     0.001025     0.007044     0.000870     0.006456     0.026369     0.002224     0.004666     0.000002     0.002865     0.001491     0.000127     0.000870     0.000107     0.000798     0.003257     0.000275     0.000576     0.000012     0.021255     0.011064     0.000939     0.006456     0.000798     0.005917     0.024168     0.002039     0.004276     0.000048     0.086811     0.045188     0.003836     0.026369     0.003257     0.024168     0.098708     0.008327     0.017466     0.000004     0.007323     0.003812     0.000324     0.002224     0.000275     0.002039     0.008327     0.000702     0.001473     0.000008     0.015361     0.007996     0.000679     0.004666     0.000576     0.004276     0.017466     0.001473     0.003091 
    0.000016     0.000911     0.000763     0.000037     0.000285     0.000038     0.000462     0.001156     0.000027     0.000242     0.000911     0.053458     0.044789     0.002194     0.016749     0.002254     0.027152     0.067870     0.001604     0.014230     0.000763     0.044789     0.037526     0.001838     0.014033     0.001888     0.022749     0.056864     0.001344     0.011922     0.000037     0.002194     0.001838     0.000090     0.000687     0.000093     0.001114     0.002786     0.000066     0.000584     0.000285     0.016749     0.014033     0.000687     0.005247     0.000706     0.008507     0.021264     0.000503     0.004458     0.000038     0.002254     0.001888     0.000093     0.000706     0.000095     0.001145     0.002861     0.000068     0.000600     0.000462     0.027152     0.022749     0.001114     0.008507     0.001145     0.013791     0.034472     0.000815     0.007227     0.001156     0.067870     0.056864     0.002786     0.021264     0.002861     0.034472     0.086167     0.002037     0.018066     0.000027     0.001604     0.001344     0.000066     0.000503     0.000068     0.000815     0.002037     0.000048     0.000427     0.000242     0.014230     0.011922     0.000584     0.004458     0.000600     0.007227     0.018066     0.000427     0.003788 
    0.000137     0.002117     0.002858     0.000069     0.000737     0.000089     0.001916     0.003028     0.000000     0.000746     0.002117     0.032769     0.044228     0.001062     0.011406     0.001380     0.029649     0.046864     0.000006     0.011541     0.002858     0.044228     0.059694     0.001434     0.015395     0.001862     0.040017     0.063252     0.000008     0.015577     0.000069     0.001062     0.001434     0.000034     0.000370     0.000045     0.000961     0.001519     0.000000     0.000374     0.000737     0.011406     0.015395     0.000370     0.003970     0.000480     0.010320     0.016312     0.000002     0.004017     0.000089     0.001380     0.001862     0.000045     0.000480     0.000058     0.001248     0.001973     0.000000     0.000486     0.001916     0.029649     0.040017     0.000961     0.010320     0.001248     0.026825     0.042401     0.000005     0.010442     0.003028     0.046864     0.063252     0.001519     0.016312     0.001973     0.042401     0.067022     0.000008     0.016505     0.000000     0.000006     0.000008     0.000000     0.000002     0.000000     0.000005     0.000008     0.000000     0.000002     0.000746     0.011541     0.015577     0.000374     0.004017     0.000486     0.010442     0.016505     0.000002     0.004065 
    0.000474     0.002834     0.006348     0.000053     0.001221     0.000102     0.004630     0.004652     0.000101     0.001353     0.002834     0.016953     0.037969     0.000315     0.007303     0.000608     0.027695     0.027825     0.000607     0.008094     0.006348     0.037969     0.085041     0.000705     0.016357     0.001361     0.062030     0.062320     0.001359     0.018128     0.000053     0.000315     0.000705     0.000006     0.000136     0.000011     0.000514     0.000517     0.000011     0.000150     0.001221     0.007303     0.016357     0.000136     0.003146     0.000262     0.011931     0.011987     0.000261     0.003487     0.000102     0.000608     0.001361     0.000011     0.000262     0.000022     0.000993     0.000997     0.000022     0.000290     0.004630     0.027695     0.062030     0.000514     0.011931     0.000993     0.045246     0.045457     0.000991     0.013223     0.004652     0.027825     0.062320     0.000517     0.011987     0.000997     0.045457     0.045669     0.000996     0.013284     0.000101     0.000607     0.001359     0.000011     0.000261     0.000022     0.000991     0.000996     0.000022     0.000290     0.001353     0.008094     0.018128     0.000150     0.003487     0.000290     0.013223     0.013284     0.000290     0.003864 
    0.001051     0.002699     0.010752     0.000009     0.001684     0.000060     0.008440     0.005275     0.000601     0.001853     0.002699     0.006929     0.027604     0.000023     0.004324     0.000153     0.021667     0.013543     0.001542     0.004757     0.010752     0.027604     0.109969     0.000090     0.017225     0.000609     0.086318     0.053955     0.006144     0.018950     0.000009     0.000023     0.000090     0.000000     0.000014     0.000000     0.000071     0.000044     0.000005     0.000016     0.001684     0.004324     0.017225     0.000014     0.002698     0.000095     0.013521     0.008451     0.000962     0.002968     0.000060     0.000153     0.000609     0.000000     0.000095     0.000003     0.000478     0.000299     0.000034     0.000105     0.008440     0.021667     0.086318     0.000071     0.013521     0.000478     0.067754     0.042351     0.004822     0.014874     0.005275     0.013543     0.053955     0.000044     0.008451     0.000299     0.042351     0.026472     0.003014     0.009297     0.000601     0.001542     0.006144     0.000005     0.000962     0.000034     0.004822     0.003014     0.000343     0.001059     0.001853     0.004757     0.018950     0.000016     0.002968     0.000105     0.014874     0.009297     0.001059     0.003265 
    0.001768     0.001859     0.015171     0.000017     0.002133     0.000006     0.012714     0.004679     0.001618     0.002079     0.001859     0.001955     0.015954     0.000017     0.002243     0.000007     0.013371     0.004920     0.001701     0.002186     0.015171     0.015954     0.130203     0.000142     0.018309     0.000055     0.109121     0.040155     0.013885     0.017841     0.000017     0.000017     0.000142     0.000000     0.000020     0.000000     0.000119     0.000044     0.000015     0.000019     0.002133     0.002243     0.018309     0.000020     0.002575     0.000008     0.015345     0.005647     0.001952     0.002509     0.000006     0.000007     0.000055     0.000000     0.000008     0.000000     0.000046     0.000017     0.000006     0.000008     0.012714     0.013371     0.109121     0.000119     0.015345     0.000046     0.091453     0.033653     0.011637     0.014953     0.004679     0.004920     0.040155     0.000044     0.005647     0.000017     0.033653     0.012384     0.004282     0.005502     0.001618     0.001701     0.013885     0.000015     0.001952     0.000006     0.011637     0.004282     0.001481     0.001903     0.002079     0.002186     0.017841     0.000019     0.002509     0.000008     0.014953     0.005502     0.001903     0.002445 
    0.002428     0.000808     0.018562     0.000166     0.002597     0.000023     0.016518     0.003200     0.003002     0.001974     0.000808     0.000269     0.006174     0.000055     0.000864     0.000008     0.005494     0.001064     0.000999     0.000656     0.018562     0.006174     0.141898     0.001266     0.019854     0.000174     0.126271     0.024460     0.022947     0.015087     0.000166     0.000055     0.001266     0.000011     0.000177     0.000002     0.001127     0.000218     0.000205     0.000135     0.002597     0.000864     0.019854     0.000177     0.002778     0.000024     0.017667     0.003422     0.003211     0.002111     0.000023     0.000008     0.000174     0.000002     0.000024     0.000000     0.000155     0.000030     0.000028     0.000018     0.016518     0.005494     0.126271     0.001127     0.017667     0.000155     0.112364     0.021766     0.020420     0.013426     0.003200     0.001064     0.024460     0.000218     0.003422     0.000030     0.021766     0.004216     0.003956     0.002601     0.003002     0.000999     0.022947     0.000205     0.003211     0.000028     0.020420     0.003956     0.003711     0.002440     0.001974     0.000656     0.015087     0.000135     0.002111     0.000018     0.013426     0.002601     0.002440     0.001604 
    0.002827     0.000102     0.020086     0.000490     0.003093     0.000172     0.018906     0.001522     0.004372     0.001598     0.000102     0.000004     0.000725     0.000018     0.000112     0.000006     0.000682     0.000055     0.000158     0.000058     0.020086     0.000725     0.142723     0.003484     0.021979     0.001222     0.134334     0.010813     0.031068     0.011353     0.000490     0.000018     0.003484     0.000085     0.000536     0.000030     0.003279     0.000264     0.000758     0.000277     0.003093     0.000112     0.021979     0.000536     0.003385     0.000188     0.020687     0.001665     0.004784     0.001748     0.000172     0.000006     0.001222     0.000030     0.000188     0.000010     0.001150     0.000093     0.000266     0.000097     0.018906     0.000682     0.134334     0.003279     0.020687     0.001150     0.126438     0.010178     0.029242     0.010686     0.001522     0.000055     0.010813     0.000264     0.001665     0.000093     0.010178     0.000819     0.002354     0.000860     0.004372     0.000158     0.031068     0.000758     0.004784     0.000266     0.029242     0.002354     0.006763     0.002471     0.001598     0.000058     0.011353     0.000277     0.001748     0.000097     0.010686     0.000860     0.002471     0.000903 
    0.002835     0.000087     0.019385     0.000928     0.003601     0.000449     0.019251     0.000332     0.005285     0.001091     0.000087     0.000003     0.000592     0.000028     0.000110     0.000014     0.000588     0.000010     0.000161     0.000033     0.019385     0.000592     0.132545     0.006346     0.024625     0.003072     0.131631     0.002272     0.036138     0.007462     0.000928     0.000028     0.006346     0.000304     0.001179     0.000147     0.006302     0.000109     0.001730     0.000357     0.003601     0.000110     0.024625     0.001179     0.004575     0.000571     0.024455     0.000422     0.006714     0.001386     0.000449     0.000014     0.003072     0.000147     0.000571     0.000071     0.003050     0.000053     0.000837     0.000173     0.019251     0.000588     0.131631     0.006302     0.024455     0.003050     0.130723     0.002257     0.035888     0.007410     0.000332     0.000010     0.002272     0.000109     0.000422     0.000053     0.002257     0.000039     0.000620     0.000128     0.005285     0.000161     0.036138     0.001730     0.006714     0.000837     0.035888     0.000620     0.009853     0.002034     0.001091     0.000033     0.007462     0.000357     0.001386     0.000173     0.007410     0.000128     0.002034     0.000420 
    0.002455     0.000742     0.016689     0.001334     0.004046     0.000768     0.017466     0.000009     0.005430     0.000608     0.000742     0.000224     0.005042     0.000403     0.001222     0.000232     0.005277     0.000003     0.001641     0.000184     0.016689     0.005042     0.113458     0.009067     0.027506     0.005219     0.118746     0.000059     0.036918     0.004132     0.001334     0.000403     0.009067     0.000725     0.002198     0.000417     0.009490     0.000005     0.002950     0.000330     0.004046     0.001222     0.027506     0.002198     0.006669     0.001265     0.028788     0.000014     0.008950     0.001002     0.000768     0.000232     0.005219     0.000417     0.001265     0.000240     0.005462     0.000003     0.001698     0.000190     0.017466     0.005277     0.118746     0.009490     0.028788     0.005462     0.124280     0.000062     0.038638     0.004324     0.000009     0.000003     0.000059     0.000005     0.000014     0.000003     0.000062     0.000000     0.000019     0.000002     0.005430     0.001641     0.036918     0.002950     0.008950     0.001698     0.038638     0.000019     0.012012     0.001344     0.000608     0.000184     0.004132     0.000330     0.001002     0.000190     0.004324     0.000002     0.001344     0.000150 
    0.001815     0.001709     0.012722     0.001544     0.004294     0.000995     0.014033     0.000471     0.004768     0.000255     0.001709     0.001609     0.011978     0.001454     0.004043     0.000937     0.013213     0.000443     0.004490     0.000240     0.012722     0.011978     0.089150     0.010822     0.030089     0.006975     0.098342     0.003300     0.033415     0.001787     0.001544     0.001454     0.010822     0.001314     0.003652     0.000847     0.011938     0.000401     0.004056     0.000217     0.004294     0.004043     0.030089     0.003652     0.010155     0.002354     0.033192     0.001114     0.011278     0.000603     0.000995     0.000937     0.006975     0.000847     0.002354     0.000546     0.007694     0.000258     0.002614     0.000140     0.014033     0.013213     0.098342     0.011938     0.033192     0.007694     0.108482     0.003640     0.036861     0.001972     0.000471     0.000443     0.003300     0.000401     0.001114     0.000258     0.003640     0.000122     0.001237     0.000066     0.004768     0.004490     0.033415     0.004056     0.011278     0.002614     0.036861     0.001237     0.012525     0.000670     0.000255     0.000240     0.001787     0.000217     0.000603     0.000140     0.001972     0.000066     0.000670     0.000036 
    0.001115     0.002476     0.008437     0.001464     0.004183     0.001025     0.009825     0.001259     0.003540     0.000065     0.002476     0.005501     0.018742     0.003251     0.009293     0.002277     0.021824     0.002796     0.007864     0.000145     0.008437     0.018742     0.063852     0.011077     0.031659     0.007757     0.074354     0.009525     0.026791     0.000495     0.001464     0.003251     0.011077     0.001922     0.005492     0.001346     0.012899     0.001652     0.004648     0.000086     0.004183     0.009293     0.031659     0.005492     0.015698     0.003846     0.036867     0.004723     0.013284     0.000245     0.001025     0.002277     0.007757     0.001346     0.003846     0.000942     0.009033     0.001157     0.003255     0.000060     0.009825     0.021824     0.074354     0.012899     0.036867     0.009033     0.086582     0.011091     0.031197     0.000576     0.001259     0.002796     0.009525     0.001652     0.004723     0.001157     0.011091     0.001421     0.003996     0.000074     0.003540     0.007864     0.026791     0.004648     0.013284     0.003255     0.031197     0.003996     0.011241     0.000208     0.000065     0.000145     0.000495     0.000086     0.000245     0.000060     0.000576     0.000074     0.000208     0.000004 
    0.000537     0.002629     0.004704     0.001118     0.003593     0.000837     0.005802     0.001790     0.002152     0.000004     0.002629     0.012878     0.023043     0.005479     0.017601     0.004100     0.028422     0.008770     0.010541     0.000018     0.004704     0.023043     0.041233     0.009804     0.031495     0.007336     0.050857     0.015692     0.018863     0.000032     0.001118     0.005479     0.009804     0.002331     0.007489     0.001744     0.012093     0.003731     0.004485     0.000008     0.003593     0.017601     0.031495     0.007489     0.024056     0.005603     0.038846     0.011986     0.014408     0.000025     0.000837     0.004100     0.007336     0.001744     0.005603     0.001305     0.009048     0.002792     0.003356     0.000006     0.005802     0.028422     0.050857     0.012093     0.038846     0.009048     0.062728     0.019355     0.023265     0.000040     0.001790     0.008770     0.015692     0.003731     0.011986     0.002792     0.019355     0.005972     0.007179     0.000012     0.002152     0.010541     0.018863     0.004485     0.014408     0.003356     0.023265     0.007179     0.008629     0.000015     0.000004     0.000018     0.000032     0.000008     0.000025     0.000006     0.000040     0.000012     0.000015     0.000000 
    0.000179     0.002060     0.002055     0.000650     0.002535     0.000515     0.002701     0.001681     0.000996     0.000004     0.002060     0.023729     0.023669     0.007487     0.029191     0.005929     0.031107     0.019361     0.011470     0.000041     0.002055     0.023669     0.023608     0.007468     0.029116     0.005913     0.031027     0.019312     0.011441     0.000041     0.000650     0.007487     0.007468     0.002362     0.009210     0.001871     0.009814     0.006109     0.003619     0.000013     0.002535     0.029191     0.029116     0.009210     0.035909     0.007293     0.038266     0.023817     0.014110     0.000051     0.000515     0.005929     0.005913     0.001871     0.007293     0.001481     0.007772     0.004837     0.002866     0.000010     0.002701     0.031107     0.031027     0.009814     0.038266     0.007772     0.040777     0.025380     0.015036     0.000054     0.001681     0.019361     0.019312     0.006109     0.023817     0.004837     0.025380     0.015797     0.009359     0.000034     0.000996     0.011470     0.011441     0.003619     0.014110     0.002866     0.015036     0.009359     0.005544     0.000020     0.000004     0.000041     0.000041     0.000013     0.000051     0.000010     0.000054     0.000034     0.000020     0.000000 
    0.000030     0.001052     0.000592     0.000244     0.001244     0.000203     0.000838     0.000975     0.000293     0.000009     0.001052     0.036828     0.020735     0.008538     0.043571     0.007122     0.029330     0.034153     0.010244     0.000332     0.000592     0.020735     0.011675     0.004807     0.024532     0.004010     0.016514     0.019230     0.005768     0.000187     0.000244     0.008538     0.004807     0.001979     0.010101     0.001651     0.006799     0.007918     0.002375     0.000077     0.001244     0.043571     0.024532     0.010101     0.051549     0.008426     0.034701     0.040407     0.012120     0.000393     0.000203     0.007122     0.004010     0.001651     0.008426     0.001377     0.005672     0.006605     0.001981     0.000064     0.000838     0.029330     0.016514     0.006799     0.034701     0.005672     0.023359     0.027200     0.008158     0.000264     0.000975     0.034153     0.019230     0.007918     0.040407     0.006605     0.027200     0.031673     0.009500     0.000308     0.000293     0.010244     0.005768     0.002375     0.012120     0.001981     0.008158     0.009500     0.002849     0.000092     0.000009     0.000332     0.000187     0.000077     0.000393     0.000064     0.000264     0.000308     0.000092     0.000003 
    0.000001     0.000180     0.000056     0.000029     0.000214     0.000026     0.000086     0.000185     0.000026     0.000003     0.000180     0.049976     0.015450     0.008146     0.059369     0.007160     0.023928     0.051176     0.007299     0.000866     0.000056     0.015450     0.004777     0.002519     0.018355     0.002214     0.007398     0.015821     0.002257     0.000268     0.000029     0.008146     0.002519     0.001328     0.009678     0.001167     0.003901     0.008342     0.001190     0.000141     0.000214     0.059369     0.018355     0.009678     0.070528     0.008506     0.028426     0.060795     0.008671     0.001029     0.000026     0.007160     0.002214     0.001167     0.008506     0.001026     0.003428     0.007332     0.001046     0.000124     0.000086     0.023928     0.007398     0.003901     0.028426     0.003428     0.011457     0.024503     0.003495     0.000415     0.000185     0.051176     0.015821     0.008342     0.060795     0.007332     0.024503     0.052405     0.007475     0.000887     0.000026     0.007299     0.002257     0.001190     0.008671     0.001046     0.003495     0.007475     0.001066     0.000127     0.000003     0.000866     0.000268     0.000141     0.001029     0.000124     0.000415     0.000887     0.000127     0.000015 
    0.000000     0.000100     0.000016     0.000010     0.000123     0.000010     0.000027     0.000111     0.000006     0.000002     0.000100     0.060631     0.009526     0.006348     0.074426     0.005920     0.016671     0.067378     0.003754     0.001479     0.000016     0.009526     0.001497     0.000997     0.011693     0.000930     0.002619     0.010586     0.000590     0.000232     0.000010     0.006348     0.000997     0.000665     0.007793     0.000620     0.001746     0.007055     0.000393     0.000155     0.000123     0.074426     0.011693     0.007793     0.091360     0.007267     0.020464     0.082708     0.004609     0.001816     0.000010     0.005920     0.000930     0.000620     0.007267     0.000578     0.001628     0.006579     0.000367     0.000144     0.000027     0.016671     0.002619     0.001746     0.020464     0.001628     0.004584     0.018526     0.001032     0.000407     0.000111     0.067378     0.010586     0.007055     0.082708     0.006579     0.018526     0.074876     0.004172     0.001644     0.000006     0.003754     0.000590     0.000393     0.004609     0.000367     0.001032     0.004172     0.000232     0.000092     0.000002     0.001479     0.000232     0.000155     0.001816     0.000144     0.000407     0.001644     0.000092     0.000036 
    0.000025     0.001282     0.000087     0.000072     0.001658     0.000073     0.000184     0.001529     0.000019     0.000037     0.001282     0.066661     0.004515     0.003752     0.086199     0.003795     0.009547     0.079526     0.000967     0.001944     0.000087     0.004515     0.000306     0.000254     0.005839     0.000257     0.000647     0.005387     0.000066     0.000132     0.000072     0.003752     0.000254     0.000211     0.004852     0.000214     0.000537     0.004476     0.000054     0.000109     0.001658     0.086199     0.005839     0.004852     0.111463     0.004907     0.012345     0.102835     0.001250     0.002514     0.000073     0.003795     0.000257     0.000214     0.004907     0.000216     0.000543     0.004527     0.000055     0.000111     0.000184     0.009547     0.000647     0.000537     0.012345     0.000543     0.001367     0.011389     0.000138     0.000278     0.001529     0.079526     0.005387     0.004476     0.102835     0.004527     0.011389     0.094874     0.001154     0.002319     0.000019     0.000967     0.000066     0.000054     0.001250     0.000055     0.000138     0.001154     0.000014     0.000028     0.000037     0.001944     0.000132     0.000109     0.002514     0.000111     0.000278     0.002319     0.000028     0.000057 
    0.000217     0.003813     0.000076     0.000076     0.005262     0.000090     0.000233     0.004851     0.000000     0.000118     0.003813     0.066955     0.001327     0.001336     0.092391     0.001585     0.004088     0.085177     0.000005     0.002079     0.000076     0.001327     0.000026     0.000026     0.001832     0.000031     0.000081     0.001689     0.000000     0.000041     0.000076     0.001336     0.000026     0.000027     0.001844     0.000032     0.000082     0.001700     0.000000     0.000041     0.005262     0.092391     0.001832     0.001844     0.127489     0.002188     0.005641     0.117534     0.000006     0.002869     0.000090     0.001585     0.000031     0.000032     0.002188     0.000038     0.000097     0.002017     0.000000     0.000049     0.000233     0.004088     0.000081     0.000082     0.005641     0.000097     0.000250     0.005201     0.000000     0.000127     0.004851     0.085177     0.001689     0.001700     0.117534     0.002017     0.005201     0.108357     0.000006     0.002645     0.000000     0.000005     0.000000     0.000000     0.000006     0.000000     0.000000     0.000006     0.000000     0.000000     0.000118     0.002079     0.000041     0.000041     0.002869     0.000049     0.000127     0.002645     0.000000     0.000065 
    0.000872     0.007334     0.000008     0.000007     0.010891     0.000022     0.000116     0.009911     0.000148     0.000218     0.007334     0.061691     0.000070     0.000063     0.091612     0.000185     0.000973     0.083371     0.001246     0.001832     0.000008     0.000070     0.000000     0.000000     0.000103     0.000000     0.000001     0.000094     0.000001     0.000002     0.000007     0.000063     0.000000     0.000000     0.000093     0.000000     0.000001     0.000085     0.000001     0.000002     0.010891     0.091612     0.000103     0.000093     0.136045     0.000275     0.001445     0.123807     0.001850     0.002721     0.000022     0.000185     0.000000     0.000000     0.000275     0.000001     0.000003     0.000250     0.000004     0.000006     0.000116     0.000973     0.000001     0.000001     0.001445     0.000003     0.000015     0.001315     0.000020     0.000029     0.009911     0.083371     0.000094     0.000085     0.123807     0.000250     0.001315     0.112670     0.001683     0.002476     0.000148     0.001246     0.000001     0.000001     0.001850     0.000004     0.000020     0.001683     0.000025     0.000037     0.000218     0.001832     0.000002     0.000002     0.002721     0.000006     0.000029     0.002476     0.000037     0.000054 
    0.002374     0.011131     0.000046     0.000101     0.017880     0.000044     0.000001     0.015958     0.000910     0.000278     0.011131     0.052189     0.000215     0.000476     0.083834     0.000207     0.000006     0.074824     0.004265     0.001302     0.000046     0.000215     0.000001     0.000002     0.000346     0.000001     0.000000     0.000309     0.000018     0.000005     0.000101     0.000476     0.000002     0.000004     0.000764     0.000002     0.000000     0.000682     0.000039     0.000012     0.017880     0.083834     0.000346     0.000764     0.134668     0.000333     0.000009     0.120195     0.006851     0.002092     0.000044     0.000207     0.000001     0.000002     0.000333     0.000001     0.000000     0.000297     0.000017     0.000005     0.000001     0.000006     0.000000     0.000000     0.000009     0.000000     0.000000     0.000008     0.000000     0.000000     0.015958     0.074824     0.000309     0.000682     0.120195     0.000297     0.000008     0.107277     0.006114     0.001867     0.000910     0.004265     0.000018     0.000039     0.006851     0.000017     0.000000     0.006114     0.000348     0.000106     0.000278     0.001302     0.000005     0.000012     0.002092     0.000005     0.000000     0.001867     0.000106     0.000033 
    0.005092     0.014351     0.000343     0.000874     0.024999     0.000606     0.000146     0.021851     0.002848     0.000246     0.014351     0.040450     0.000966     0.002465     0.070462     0.001709     0.000413     0.061587     0.008026     0.000692     0.000343     0.000966     0.000023     0.000059     0.001683     0.000041     0.000010     0.001471     0.000192     0.000017     0.000874     0.002465     0.000059     0.000150     0.004293     0.000104     0.000025     0.003753     0.000489     0.000042     0.024999     0.070462     0.001683     0.004293     0.122743     0.002977     0.000719     0.107283     0.013982     0.001205     0.000606     0.001709     0.000041     0.000104     0.002977     0.000072     0.000017     0.002602     0.000339     0.000029     0.000146     0.000413     0.000010     0.000025     0.000719     0.000017     0.000004     0.000628     0.000082     0.000007     0.021851     0.061587     0.001471     0.003753     0.107283     0.002602     0.000628     0.093770     0.012221     0.001054     0.002848     0.008026     0.000192     0.000489     0.013982     0.000339     0.000082     0.012221     0.001593     0.000137     0.000246     0.000692     0.000017     0.000042     0.001205     0.000029     0.000007     0.001054     0.000137     0.000012 
    0.009255     0.016260     0.000923     0.003018     0.030718     0.002366     0.000725     0.026388     0.006427     0.000123     0.016260     0.028568     0.001622     0.005302     0.053970     0.004157     0.001273     0.046362     0.011292     0.000215     0.000923     0.001622     0.000092     0.000301     0.003064     0.000236     0.000072     0.002632     0.000641     0.000012     0.003018     0.005302     0.000301     0.000984     0.010016     0.000771     0.000236     0.008604     0.002096     0.000040     0.030718     0.053970     0.003064     0.010016     0.101958     0.007853     0.002405     0.087585     0.021333     0.000407     0.002366     0.004157     0.000236     0.000771     0.007853     0.000605     0.000185     0.006746     0.001643     0.000031     0.000725     0.001273     0.000072     0.000236     0.002405     0.000185     0.000057     0.002066     0.000503     0.000010     0.026388     0.046362     0.002632     0.008604     0.087585     0.006746     0.002066     0.075238     0.018325     0.000350     0.006427     0.011292     0.000641     0.002096     0.021333     0.001643     0.000503     0.018325     0.004463     0.000085     0.000123     0.000215     0.000012     0.000040     0.000407     0.000031     0.000010     0.000350     0.000085     0.000002 
    0.014858     0.016448     0.001638     0.007169     0.033615     0.005996     0.001708     0.028655     0.011802     0.000006     0.016448     0.018207     0.001813     0.007936     0.037211     0.006638     0.001890     0.031720     0.013065     0.000007     0.001638     0.001813     0.000181     0.000790     0.003706     0.000661     0.000188     0.003159     0.001301     0.000001     0.007169     0.007936     0.000790     0.003459     0.016219     0.002893     0.000824     0.013826     0.005694     0.000003     0.033615     0.037211     0.003706     0.016219     0.076049     0.013565     0.003863     0.064828     0.026700     0.000014     0.005996     0.006638     0.000661     0.002893     0.013565     0.002420     0.000689     0.011564     0.004763     0.000003     0.001708     0.001890     0.000188     0.000824     0.003863     0.000689     0.000196     0.003293     0.001356     0.000001     0.028655     0.031720     0.003159     0.013826     0.064828     0.011564     0.003293     0.055262     0.022761     0.000012     0.011802     0.013065     0.001301     0.005694     0.026700     0.004763     0.001356     0.022761     0.009374     0.000005     0.000006     0.000007     0.000001     0.000003     0.000014     0.000003     0.000001     0.000012     0.000005     0.000000 
    0.021623     0.014929     0.002220     0.013636     0.032814     0.011922     0.002850     0.028266     0.018685     0.000102     0.014929     0.010308     0.001533     0.009415     0.022656     0.008231     0.001968     0.019516     0.012900     0.000070     0.002220     0.001533     0.000228     0.001400     0.003369     0.001224     0.000293     0.002902     0.001918     0.000010     0.013636     0.009415     0.001400     0.008600     0.020694     0.007519     0.001797     0.017826     0.011783     0.000064     0.032814     0.022656     0.003369     0.020694     0.049799     0.018093     0.004325     0.042896     0.028355     0.000154     0.011922     0.008231     0.001224     0.007519     0.018093     0.006573     0.001572     0.015585     0.010302     0.000056     0.002850     0.001968     0.000293     0.001797     0.004325     0.001572     0.000376     0.003726     0.002463     0.000013     0.028266     0.019516     0.002902     0.017826     0.042896     0.015585     0.003726     0.036950     0.024425     0.000133     0.018685     0.012900     0.001918     0.011783     0.028355     0.010302     0.002463     0.024425     0.016146     0.000088     0.000102     0.000070     0.000010     0.000064     0.000154     0.000056     0.000013     0.000133     0.000088     0.000000 
    0.029023     0.012109     0.002405     0.022177     0.028307     0.020083     0.003785     0.025431     0.026348     0.000694     0.012109     0.005052     0.001004     0.009252     0.011810     0.008379     0.001579     0.010610     0.010993     0.000290     0.002405     0.001004     0.000199     0.001838     0.002346     0.001665     0.000314     0.002108     0.002184     0.000058     0.022177     0.009252     0.001838     0.016945     0.021629     0.015345     0.002892     0.019432     0.020132     0.000531     0.028307     0.011810     0.002346     0.021629     0.027607     0.019587     0.003691     0.024803     0.025697     0.000677     0.020083     0.008379     0.001665     0.015345     0.019587     0.013897     0.002619     0.017598     0.018232     0.000481     0.003785     0.001579     0.000314     0.002892     0.003691     0.002619     0.000494     0.003316     0.003436     0.000091     0.025431     0.010610     0.002108     0.019432     0.024803     0.017598     0.003316     0.022284     0.023087     0.000608     0.026348     0.010993     0.002184     0.020132     0.025697     0.018232     0.003436     0.023087     0.023919     0.000630     0.000694     0.000290     0.000058     0.000531     0.000677     0.000481     0.000091     0.000608     0.000630     0.000017 
    0.036379     0.008641     0.002072     0.031922     0.021030     0.029812     0.004174     0.020852     0.033763     0.002088     0.008641     0.002052     0.000492     0.007582     0.004995     0.007081     0.000991     0.004953     0.008020     0.000496     0.002072     0.000492     0.000118     0.001818     0.001198     0.001698     0.000238     0.001188     0.001923     0.000119     0.031922     0.007582     0.001818     0.028011     0.018453     0.026159     0.003662     0.018297     0.029627     0.001832     0.021030     0.004995     0.001198     0.018453     0.012157     0.017234     0.002413     0.012054     0.019518     0.001207     0.029812     0.007081     0.001698     0.026159     0.017234     0.024430     0.003420     0.017088     0.027668     0.001711     0.004174     0.000991     0.000238     0.003662     0.002413     0.003420     0.000479     0.002392     0.003874     0.000240     0.020852     0.004953     0.001188     0.018297     0.012054     0.017088     0.002392     0.011952     0.019353     0.001197     0.033763     0.008020     0.001923     0.029627     0.019518     0.027668     0.003874     0.019353     0.031336     0.001938     0.002088     0.000496     0.000119     0.001832     0.001207     0.001711     0.000240     0.001197     0.001938     0.000120 
    0.042977     0.005235     0.001324     0.041501     0.012684     0.039896     0.003854     0.015486     0.039833     0.004520     0.005235     0.000638     0.000161     0.005056     0.001545     0.004860     0.000469     0.001886     0.004852     0.000551     0.001324     0.000161     0.000041     0.001278     0.000391     0.001229     0.000119     0.000477     0.001227     0.000139     0.041501     0.005056     0.001278     0.040075     0.012248     0.038525     0.003722     0.014954     0.038465     0.004365     0.012684     0.001545     0.000391     0.012248     0.003743     0.011774     0.001137     0.004570     0.011756     0.001334     0.039896     0.004860     0.001229     0.038525     0.011774     0.037035     0.003578     0.014375     0.036977     0.004196     0.003854     0.000469     0.000119     0.003722     0.001137     0.003578     0.000346     0.001389     0.003572     0.000405     0.015486     0.001886     0.000477     0.014954     0.004570     0.014375     0.001389     0.005580     0.014353     0.001629     0.039833     0.004852     0.001227     0.038465     0.011756     0.036977     0.003572     0.014353     0.036918     0.004190     0.004520     0.000551     0.000139     0.004365     0.001334     0.004196     0.000405     0.001629     0.004190     0.000475 
    0.048200     0.002479     0.000484     0.049333     0.005314     0.048814     0.002914     0.010278     0.043639     0.008090     0.002479     0.000128     0.000025     0.002538     0.000273     0.002511     0.000150     0.000529     0.002245     0.000416     0.000484     0.000025     0.000005     0.000496     0.000053     0.000491     0.000029     0.000103     0.000439     0.000081     0.049333     0.002538     0.000496     0.050492     0.005438     0.049962     0.002983     0.010519     0.044665     0.008280     0.005314     0.000273     0.000053     0.005438     0.000586     0.005381     0.000321     0.001133     0.004811     0.000892     0.048814     0.002511     0.000491     0.049962     0.005381     0.049437     0.002951     0.010409     0.044195     0.008193     0.002914     0.000150     0.000029     0.002983     0.000321     0.002951     0.000176     0.000621     0.002639     0.000489     0.010278     0.000529     0.000103     0.010519     0.001133     0.010409     0.000621     0.002192     0.009305     0.001725     0.043639     0.002245     0.000439     0.044665     0.004811     0.044195     0.002639     0.009305     0.039510     0.007324     0.008090     0.000416     0.000081     0.008280     0.000892     0.008193     0.000489     0.001725     0.007324     0.001358 
    0.051619     0.000718     0.000011     0.054003     0.000793     0.055088     0.001672     0.005941     0.044646     0.012707     0.000718     0.000010     0.000000     0.000751     0.000011     0.000766     0.000023     0.000083     0.000621     0.000177     0.000011     0.000000     0.000000     0.000011     0.000000     0.000011     0.000000     0.000001     0.000009     0.000003     0.054003     0.000751     0.000011     0.056497     0.000830     0.057632     0.001749     0.006216     0.046708     0.013294     0.000793     0.000011     0.000000     0.000830     0.000012     0.000846     0.000026     0.000091     0.000686     0.000195     0.055088     0.000766     0.000011     0.057632     0.000846     0.058789     0.001784     0.006341     0.047646     0.013561     0.001672     0.000023     0.000000     0.001749     0.000026     0.001784     0.000054     0.000192     0.001446     0.000412     0.005941     0.000083     0.000001     0.006216     0.000091     0.006341     0.000192     0.000684     0.005139     0.001463     0.044646     0.000621     0.000009     0.046708     0.000686     0.047646     0.001446     0.005139     0.038615     0.010991     0.012707     0.000177     0.000003     0.013294     0.000195     0.013561     0.000412     0.001463     0.010991     0.003128 
    0.053051     0.000023     0.000345     0.054619     0.000360     0.057631     0.000568     0.002843     0.042794     0.018095     0.000023     0.000000     0.000000     0.000023     0.000000     0.000025     0.000000     0.000001     0.000018     0.000008     0.000345     0.000000     0.000002     0.000355     0.000002     0.000375     0.000004     0.000018     0.000278     0.000118     0.054619     0.000023     0.000355     0.056234     0.000370     0.059335     0.000584     0.002927     0.044059     0.018630     0.000360     0.000000     0.000002     0.000370     0.000002     0.000391     0.000004     0.000019     0.000290     0.000123     0.057631     0.000025     0.000375     0.059335     0.000391     0.062606     0.000617     0.003088     0.046488     0.019657     0.000568     0.000000     0.000004     0.000584     0.000004     0.000617     0.000006     0.000030     0.000458     0.000194     0.002843     0.000001     0.000018     0.002927     0.000019     0.003088     0.000030     0.000152     0.002293     0.000970     0.042794     0.000018     0.000278     0.044059     0.000290     0.046488     0.000458     0.002293     0.034520     0.014597     0.018095     0.000008     0.000118     0.018630     0.000123     0.019657     0.000194     0.000970     0.014597     0.006172 
    0.052551     0.000231     0.001771     0.051027     0.004329     0.056009     0.000017     0.001000     0.038478     0.023828     0.000231     0.000001     0.000008     0.000224     0.000019     0.000246     0.000000     0.000004     0.000169     0.000105     0.001771     0.000008     0.000060     0.001720     0.000146     0.001888     0.000001     0.000034     0.001297     0.000803     0.051027     0.000224     0.001720     0.049547     0.004203     0.054385     0.000016     0.000971     0.037362     0.023137     0.004329     0.000019     0.000146     0.004203     0.000357     0.004613     0.000001     0.000082     0.003169     0.001963     0.056009     0.000246     0.001888     0.054385     0.004613     0.059695     0.000018     0.001066     0.041010     0.025396     0.000017     0.000000     0.000001     0.000016     0.000001     0.000018     0.000000     0.000000     0.000012     0.000008     0.001000     0.000004     0.000034     0.000971     0.000082     0.001066     0.000000     0.000019     0.000732     0.000453     0.038478     0.000169     0.001297     0.037362     0.003169     0.041010     0.000012     0.000732     0.028173     0.017446     0.023828     0.000105     0.000803     0.023137     0.001963     0.025396     0.000008     0.000453     0.017446     0.010804 
    0.050373     0.001040     0.004320     0.043841     0.012057     0.050527     0.000280     0.000174     0.032423     0.029404     0.001040     0.000021     0.000089     0.000906     0.000249     0.001044     0.000006     0.000004     0.000670     0.000607     0.004320     0.000089     0.000371     0.003760     0.001034     0.004334     0.000024     0.000015     0.002781     0.002522     0.043841     0.000906     0.003760     0.038156     0.010494     0.043975     0.000244     0.000151     0.028219     0.025591     0.012057     0.000249     0.001034     0.010494     0.002886     0.012094     0.000067     0.000042     0.007761     0.007038     0.050527     0.001044     0.004334     0.043975     0.012094     0.050681     0.000281     0.000174     0.032522     0.029494     0.000280     0.000006     0.000024     0.000244     0.000067     0.000281     0.000002     0.000001     0.000180     0.000163     0.000174     0.000004     0.000015     0.000151     0.000042     0.000174     0.000001     0.000001     0.000112     0.000101     0.032423     0.000670     0.002781     0.028219     0.007761     0.032522     0.000180     0.000112     0.020869     0.018926     0.029404     0.000607     0.002522     0.025591     0.007038     0.029494     0.000163     0.000101     0.018926     0.017164 
    0.046900     0.002108     0.007756     0.034290     0.022145     0.042130     0.001386     0.000002     0.025513     0.034335     0.002108     0.000095     0.000349     0.001541     0.000995     0.001894     0.000062     0.000000     0.001147     0.001543     0.007756     0.000349     0.001282     0.005670     0.003662     0.006967     0.000229     0.000000     0.004219     0.005678     0.034290     0.001541     0.005670     0.025071     0.016191     0.030802     0.001014     0.000001     0.018654     0.025103     0.022145     0.000995     0.003662     0.016191     0.010456     0.019892     0.000655     0.000001     0.012047     0.016212     0.042130     0.001894     0.006967     0.030802     0.019892     0.037844     0.001245     0.000001     0.022918     0.030842     0.001386     0.000062     0.000229     0.001014     0.000655     0.001245     0.000041     0.000000     0.000754     0.001015     0.000002     0.000000     0.000000     0.000001     0.000001     0.000001     0.000000     0.000000     0.000001     0.000001     0.025513     0.001147     0.004219     0.018654     0.012047     0.022918     0.000754     0.000001     0.013879     0.018678     0.034335     0.001543     0.005678     0.025103     0.016212     0.030842     0.001015     0.000001     0.018678     0.025136 
    0.042565     0.003136     0.011629     0.023926     0.032796     0.032168     0.003139     0.000126     0.018609     0.038218     0.003136     0.000231     0.000857     0.001763     0.002417     0.002370     0.000231     0.000009     0.001371     0.002816     0.011629     0.000857     0.003177     0.006537     0.008960     0.008789     0.000858     0.000034     0.005084     0.010441     0.023926     0.001763     0.006537     0.013449     0.018435     0.018082     0.001764     0.000071     0.010461     0.021483     0.032796     0.002417     0.008960     0.018435     0.025269     0.024785     0.002419     0.000097     0.014338     0.029447     0.032168     0.002370     0.008789     0.018082     0.024785     0.024310     0.002372     0.000095     0.014064     0.028883     0.003139     0.000231     0.000858     0.001764     0.002419     0.002372     0.000231     0.000009     0.001372     0.002818     0.000126     0.000009     0.000034     0.000071     0.000097     0.000095     0.000009     0.000000     0.000055     0.000113     0.018609     0.001371     0.005084     0.010461     0.014338     0.014064     0.001372     0.000055     0.008136     0.016709     0.038218     0.002816     0.010441     0.021483     0.029447     0.028883     0.002818     0.000113     0.016709     0.034315 
    0.037789     0.003925     0.015395     0.014299     0.042227     0.022097     0.005180     0.000281     0.012410     0.040791     0.003925     0.000408     0.001599     0.001485     0.004385     0.002295     0.000538     0.000029     0.001289     0.004236     0.015395     0.001599     0.006272     0.005825     0.017203     0.009002     0.002110     0.000114     0.005056     0.016618     0.014299     0.001485     0.005825     0.005411     0.015979     0.008362     0.001960     0.000106     0.004696     0.015436     0.042227     0.004385     0.017203     0.015979     0.047186     0.024692     0.005789     0.000314     0.013867     0.045582     0.022097     0.002295     0.009002     0.008362     0.024692     0.012921     0.003029     0.000164     0.007257     0.023853     0.005180     0.000538     0.002110     0.001960     0.005789     0.003029     0.000710     0.000038     0.001701     0.005592     0.000281     0.000029     0.000114     0.000106     0.000314     0.000164     0.000038     0.000002     0.000092     0.000303     0.012410     0.001289     0.005056     0.004696     0.013867     0.007257     0.001701     0.000092     0.004075     0.013396     0.040791     0.004236     0.016618     0.015436     0.045582     0.023853     0.005592     0.000303     0.013396     0.044033 
    0.032929     0.004379     0.018530     0.006669     0.049013     0.013193     0.007097     0.000330     0.007373     0.041952     0.004379     0.000582     0.002464     0.000887     0.006517     0.001754     0.000944     0.000044     0.000980     0.005578     0.018530     0.002464     0.010427     0.003753     0.027580     0.007424     0.003994     0.000186     0.004149     0.023607     0.006669     0.000887     0.003753     0.001351     0.009926     0.002672     0.001437     0.000067     0.001493     0.008496     0.049013     0.006517     0.027580     0.009926     0.072952     0.019637     0.010563     0.000491     0.010974     0.062442     0.013193     0.001754     0.007424     0.002672     0.019637     0.005286     0.002843     0.000132     0.002954     0.016808     0.007097     0.000944     0.003994     0.001437     0.010563     0.002843     0.001530     0.000071     0.001589     0.009041     0.000330     0.000044     0.000186     0.000067     0.000491     0.000132     0.000071     0.000003     0.000074     0.000420     0.007373     0.000980     0.004149     0.001493     0.010974     0.002954     0.001589     0.000074     0.001651     0.009393     0.041952     0.005578     0.023607     0.008496     0.062442     0.016808     0.009041     0.000420     0.009393     0.053447 
    0.028258     0.004498     0.020638     0.001823     0.052305     0.006354     0.008522     0.000255     0.003703     0.041745     0.004498     0.000716     0.003285     0.000290     0.008326     0.001011     0.001357     0.000041     0.000589     0.006645     0.020638     0.003285     0.015073     0.001331     0.038201     0.004640     0.006224     0.000186     0.002705     0.030488     0.001823     0.000290     0.001331     0.000118     0.003374     0.000410     0.000550     0.000016     0.000239     0.002693     0.052305     0.008326     0.038201     0.003374     0.096818     0.011761     0.015775     0.000472     0.006855     0.077270     0.006354     0.001011     0.004640     0.000410     0.011761     0.001429     0.001916     0.000057     0.000833     0.009386     0.008522     0.001357     0.006224     0.000550     0.015775     0.001916     0.002570     0.000077     0.001117     0.012590     0.000255     0.000041     0.000186     0.000016     0.000472     0.000057     0.000077     0.000002     0.000033     0.000376     0.003703     0.000589     0.002705     0.000239     0.006855     0.000833     0.001117     0.000033     0.000485     0.005471     0.041745     0.006645     0.030488     0.002693     0.077270     0.009386     0.012590     0.000376     0.005471     0.061668 
    0.023955     0.004344     0.021506     0.000018     0.051896     0.002008     0.009214     0.000117     0.001384     0.040332     0.004344     0.000788     0.003900     0.000003     0.009410     0.000364     0.001671     0.000021     0.000251     0.007313     0.021506     0.003900     0.019307     0.000017     0.046590     0.001802     0.008272     0.000105     0.001242     0.036209     0.000018     0.000003     0.000017     0.000000     0.000040     0.000002     0.000007     0.000000     0.000001     0.000031     0.051896     0.009410     0.046590     0.000040     0.112426     0.004349     0.019962     0.000254     0.002998     0.087375     0.002008     0.000364     0.001802     0.000002     0.004349     0.000168     0.000772     0.000010     0.000116     0.003380     0.009214     0.001671     0.008272     0.000007     0.019962     0.000772     0.003544     0.000045     0.000532     0.015514     0.000117     0.000021     0.000105     0.000000     0.000254     0.000010     0.000045     0.000001     0.000007     0.000198     0.001384     0.000251     0.001242     0.000001     0.002998     0.000116     0.000532     0.000007     0.000080     0.002330     0.040332     0.007313     0.036209     0.000031     0.087375     0.003380     0.015514     0.000198     0.002330     0.067906 
    0.020117     0.004004     0.021117     0.001033     0.048140     0.000134     0.009088     0.000012     0.000241     0.037949     0.004004     0.000797     0.004203     0.000206     0.009581     0.000027     0.001809     0.000002     0.000048     0.007553     0.021117     0.004203     0.022167     0.001084     0.050532     0.000141     0.009540     0.000013     0.000253     0.039835     0.001033     0.000206     0.001084     0.000053     0.002472     0.000007     0.000467     0.000001     0.000012     0.001948     0.048140     0.009581     0.050532     0.002472     0.115196     0.000320     0.021748     0.000030     0.000577     0.090810     0.000134     0.000027     0.000141     0.000007     0.000320     0.000001     0.000060     0.000000     0.000002     0.000252     0.009088     0.001809     0.009540     0.000467     0.021748     0.000060     0.004106     0.000006     0.000109     0.017144     0.000012     0.000002     0.000013     0.000001     0.000030     0.000000     0.000006     0.000000     0.000000     0.000024     0.000241     0.000048     0.000253     0.000012     0.000577     0.000002     0.000109     0.000000     0.000003     0.000455     0.037949     0.007553     0.039835     0.001948     0.090810     0.000252     0.017144     0.000024     0.000455     0.071586 
    0.016776     0.003569     0.019620     0.004283     0.041805     0.000354     0.008214     0.000027     0.000014     0.034859     0.003569     0.000759     0.004174     0.000911     0.008894     0.000075     0.001748     0.000006     0.000003     0.007416     0.019620     0.004174     0.022946     0.005010     0.048892     0.000414     0.009607     0.000032     0.000016     0.040768     0.004283     0.000911     0.005010     0.001094     0.010674     0.000090     0.002097     0.000007     0.000004     0.008901     0.041805     0.008894     0.048892     0.010674     0.104177     0.000883     0.020470     0.000067     0.000035     0.086866     0.000354     0.000075     0.000414     0.000090     0.000883     0.000007     0.000173     0.000001     0.000000     0.000736     0.008214     0.001748     0.009607     0.002097     0.020470     0.000173     0.004022     0.000013     0.000007     0.017068     0.000027     0.000006     0.000032     0.000007     0.000067     0.000001     0.000013     0.000000     0.000000     0.000056     0.000014     0.000003     0.000016     0.000004     0.000035     0.000000     0.000007     0.000000     0.000000     0.000029     0.034859     0.007416     0.040768     0.008901     0.086866     0.000736     0.017068     0.000056     0.000029     0.072432 
    0.013916     0.003115     0.017279     0.008978     0.033883     0.002065     0.006780     0.000214     0.000415     0.031320     0.003115     0.000697     0.003867     0.002010     0.007584     0.000462     0.001518     0.000048     0.000093     0.007010     0.017279     0.003867     0.021454     0.011148     0.042071     0.002565     0.008419     0.000266     0.000516     0.038889     0.008978     0.002010     0.011148     0.005793     0.021861     0.001333     0.004375     0.000138     0.000268     0.020207     0.033883     0.007584     0.042071     0.021861     0.082500     0.005029     0.016509     0.000522     0.001011     0.076259     0.002065     0.000462     0.002565     0.001333     0.005029     0.000307     0.001006     0.000032     0.000062     0.004648     0.006780     0.001518     0.008419     0.004375     0.016509     0.001006     0.003304     0.000104     0.000202     0.015260     0.000214     0.000048     0.000266     0.000138     0.000522     0.000032     0.000104     0.000003     0.000006     0.000482     0.000415     0.000093     0.000516     0.000268     0.001011     0.000062     0.000202     0.000006     0.000012     0.000935     0.031320     0.007010     0.038889     0.020207     0.076259     0.004648     0.015260     0.000482     0.000935     0.070490 
    0.011491     0.002692     0.014414     0.014258     0.025409     0.004572     0.005045     0.000583     0.001175     0.027559     0.002692     0.000631     0.003377     0.003341     0.005953     0.001071     0.001182     0.000137     0.000275     0.006457     0.014414     0.003377     0.018079     0.017884     0.031870     0.005734     0.006328     0.000732     0.001473     0.034567     0.014258     0.003341     0.017884     0.017691     0.031526     0.005673     0.006260     0.000724     0.001458     0.034194     0.025409     0.005953     0.031870     0.031526     0.056181     0.010109     0.011155     0.001290     0.002597     0.060935     0.004572     0.001071     0.005734     0.005673     0.010109     0.001819     0.002007     0.000232     0.000467     0.010964     0.005045     0.001182     0.006328     0.006260     0.011155     0.002007     0.002215     0.000256     0.000516     0.012099     0.000583     0.000137     0.000732     0.000724     0.001290     0.000232     0.000256     0.000030     0.000060     0.001399     0.001175     0.000275     0.001473     0.001458     0.002597     0.000467     0.000516     0.000060     0.000120     0.002817     0.027559     0.006457     0.034567     0.034194     0.060935     0.010964     0.012099     0.001399     0.002817     0.066091 
    0.009445     0.002333     0.011351     0.019312     0.017327     0.007202     0.003287     0.001101     0.002066     0.023762     0.002333     0.000576     0.002804     0.004771     0.004280     0.001779     0.000812     0.000272     0.000510     0.005870     0.011351     0.002804     0.013640     0.023208     0.020822     0.008655     0.003951     0.001324     0.002482     0.028556     0.019312     0.004771     0.023208     0.039487     0.035427     0.014725     0.006722     0.002252     0.004223     0.048586     0.017327     0.004280     0.020822     0.035427     0.031785     0.013211     0.006030     0.002020     0.003789     0.043590     0.007202     0.001779     0.008655     0.014725     0.013211     0.005491     0.002507     0.000840     0.001575     0.018118     0.003287     0.000812     0.003951     0.006722     0.006030     0.002507     0.001144     0.000383     0.000719     0.008270     0.001101     0.000272     0.001324     0.002252     0.002020     0.000840     0.000383     0.000128     0.000241     0.002771     0.002066     0.000510     0.002482     0.004223     0.003789     0.001575     0.000719     0.000241     0.000452     0.005197     0.023762     0.005870     0.028556     0.048586     0.043590     0.018118     0.008270     0.002771     0.005197     0.059781 
    0.007716     0.002050     0.008382     0.023459     0.010392     0.009391     0.001760     0.001703     0.002914     0.020073     0.002050     0.000544     0.002227     0.006232     0.002761     0.002495     0.000468     0.000452     0.000774     0.005332     0.008382     0.002227     0.009105     0.025483     0.011288     0.010202     0.001912     0.001850     0.003166     0.021805     0.023459     0.006232     0.025483     0.071322     0.031595     0.028553     0.005352     0.005178     0.008861     0.061028     0.010392     0.002761     0.011288     0.031595     0.013996     0.012649     0.002371     0.002294     0.003925     0.027034     0.009391     0.002495     0.010202     0.028553     0.012649     0.011431     0.002143     0.002073     0.003547     0.024432     0.001760     0.000468     0.001912     0.005352     0.002371     0.002143     0.000402     0.000389     0.000665     0.004580     0.001703     0.000452     0.001850     0.005178     0.002294     0.002073     0.000389     0.000376     0.000643     0.004431     0.002914     0.000774     0.003166     0.008861     0.003925     0.003547     0.000665     0.000643     0.001101     0.007582     0.020073     0.005332     0.021805     0.061028     0.027034     0.024432     0.004580     0.004431     0.007582     0.052220 
    0.006246     0.001842     0.005737     0.026198     0.005112     0.010742     0.000657     0.002305     0.003602     0.016593     0.001842     0.000543     0.001692     0.007726     0.001507     0.003168     0.000194     0.000680     0.001062     0.004893     0.005737     0.001692     0.005269     0.024060     0.004695     0.009866     0.000603     0.002117     0.003308     0.015240     0.026198     0.007726     0.024060     0.109879     0.021440     0.045055     0.002754     0.009666     0.015106     0.069596     0.005112     0.001507     0.004695     0.021440     0.004183     0.008791     0.000537     0.001886     0.002948     0.013580     0.010742     0.003168     0.009866     0.045055     0.008791     0.018475     0.001129     0.003963     0.006194     0.028537     0.000657     0.000194     0.000603     0.002754     0.000537     0.001129     0.000069     0.000242     0.000379     0.001744     0.002305     0.000680     0.002117     0.009666     0.001886     0.003963     0.000242     0.000850     0.001329     0.006122     0.003602     0.001062     0.003308     0.015106     0.002948     0.006194     0.000379     0.001329     0.002077     0.009568     0.016593     0.004893     0.015240     0.069596     0.013580     0.028537     0.001744     0.006122     0.009568     0.044082 
    0.004988     0.001703     0.003570     0.027242     0.001719     0.011051     0.000083     0.002819     0.004055     0.013396     0.001703     0.000581     0.001219     0.009299     0.000587     0.003772     0.000028     0.000962     0.001384     0.004572     0.003570     0.001219     0.002555     0.019498     0.001230     0.007909     0.000059     0.002017     0.002903     0.009587     0.027242     0.009299     0.019498     0.148784     0.009389     0.060356     0.000453     0.015395     0.022149     0.073160     0.001719     0.000587     0.001230     0.009389     0.000593     0.003809     0.000029     0.000972     0.001398     0.004617     0.011051     0.003772     0.007909     0.060356     0.003809     0.024484     0.000184     0.006245     0.008985     0.029679     0.000083     0.000028     0.000059     0.000453     0.000029     0.000184     0.000001     0.000047     0.000067     0.000223     0.002819     0.000962     0.002017     0.015395     0.000972     0.006245     0.000047     0.001593     0.002292     0.007570     0.004055     0.001384     0.002903     0.022149     0.001398     0.008985     0.000067     0.002292     0.003297     0.010891     0.013396     0.004572     0.009587     0.073160     0.004617     0.029679     0.000223     0.007570     0.010891     0.035975 
    0.003904     0.001619     0.001954     0.026531     0.000169     0.010319     0.000046     0.003169     0.004246     0.010527     0.001619     0.000671     0.000810     0.010999     0.000070     0.004278     0.000019     0.001314     0.001760     0.004364     0.001954     0.000810     0.000978     0.013280     0.000085     0.005165     0.000023     0.001586     0.002125     0.005269     0.026531     0.010999     0.013280     0.180280     0.001149     0.070121     0.000316     0.021536     0.028849     0.071533     0.000169     0.000070     0.000085     0.001149     0.000007     0.000447     0.000002     0.000137     0.000184     0.000456     0.010319     0.004278     0.005165     0.070121     0.000447     0.027274     0.000123     0.008377     0.011221     0.027823     0.000046     0.000019     0.000023     0.000316     0.000002     0.000123     0.000001     0.000038     0.000050     0.000125     0.003169     0.001314     0.001586     0.021536     0.000137     0.008377     0.000038     0.002573     0.003446     0.008545     0.004246     0.001760     0.002125     0.028849     0.000184     0.011221     0.000050     0.003446     0.004616     0.011447     0.010527     0.004364     0.005269     0.071533     0.000456     0.027823     0.000125     0.008545     0.011447     0.028383 
    0.002970     0.001574     0.000884     0.024226     0.000162     0.008735     0.000455     0.003304     0.004175     0.008017     0.001574     0.000834     0.000468     0.012833     0.000086     0.004628     0.000241     0.001750     0.002212     0.004247     0.000884     0.000468     0.000263     0.007206     0.000048     0.002598     0.000135     0.000983     0.001242     0.002385     0.024226     0.012833     0.007206     0.197578     0.001320     0.071244     0.003709     0.026945     0.034048     0.065388     0.000162     0.000086     0.000048     0.001320     0.000009     0.000476     0.000025     0.000180     0.000228     0.000437     0.008735     0.004628     0.002598     0.071244     0.000476     0.025690     0.001338     0.009716     0.012277     0.023578     0.000455     0.000241     0.000135     0.003709     0.000025     0.001338     0.000070     0.000506     0.000639     0.001228     0.003304     0.001750     0.000983     0.026945     0.000180     0.009716     0.000506     0.003675     0.004643     0.008917     0.004175     0.002212     0.001242     0.034048     0.000228     0.012277     0.000639     0.004643     0.005867     0.011268     0.008017     0.004247     0.002385     0.065388     0.000437     0.023578     0.001228     0.008917     0.011268     0.021640 
    0.002172     0.001546     0.000284     0.020684     0.001197     0.006632     0.001132     0.003202     0.003872     0.005882     0.001546     0.001100     0.000202     0.014723     0.000852     0.004720     0.000806     0.002279     0.002756     0.004186     0.000284     0.000202     0.000037     0.002709     0.000157     0.000868     0.000148     0.000419     0.000507     0.000770     0.020684     0.014723     0.002709     0.196988     0.011404     0.063157     0.010778     0.030497     0.036878     0.056015     0.001197     0.000852     0.000157     0.011404     0.000660     0.003656     0.000624     0.001766     0.002135     0.003243     0.006632     0.004720     0.000868     0.063157     0.003656     0.020249     0.003456     0.009778     0.011824     0.017959     0.001132     0.000806     0.000148     0.010778     0.000624     0.003456     0.000590     0.001669     0.002018     0.003065     0.003202     0.002279     0.000419     0.030497     0.001766     0.009778     0.001669     0.004721     0.005709     0.008672     0.003872     0.002756     0.000507     0.036878     0.002135     0.011824     0.002018     0.005709     0.006904     0.010486     0.005882     0.004186     0.000770     0.056015     0.003243     0.017959     0.003065     0.008672     0.010486     0.015928 
    0.001504     0.001510     0.000038     0.016409     0.002665     0.004413     0.001851     0.002882     0.003387     0.004122     0.001510     0.001517     0.000038     0.016479     0.002676     0.004431     0.001859     0.002894     0.003402     0.004140     0.000038     0.000038     0.000001     0.000410     0.000067     0.000110     0.000046     0.000072     0.000085     0.000103     0.016409     0.016479     0.000410     0.179031     0.029071     0.048144     0.020198     0.031445     0.036957     0.044977     0.002665     0.002676     0.000067     0.029071     0.004721     0.007818     0.003280     0.005106     0.006001     0.007303     0.004413     0.004431     0.000110     0.048144     0.007818     0.012947     0.005431     0.008456     0.009938     0.012095     0.001851     0.001859     0.000046     0.020198     0.003280     0.005431     0.002279     0.003548     0.004169     0.005074     0.002882     0.002894     0.000072     0.031445     0.005106     0.008456     0.003548     0.005523     0.006491     0.007900     0.003387     0.003402     0.000085     0.036957     0.006001     0.009938     0.004169     0.006491     0.007629     0.009284     0.004122     0.004140     0.000103     0.044977     0.007303     0.012095     0.005074     0.007900     0.009284     0.011299 
